redwood/20090101+report.txt,BROADWAY / US 101 SB OFF-RAMP / WO0DSIDE RD,Vehicles Only,6/3/2008,07:00-07:15,5,26,31,9,157,34,79,22,3,10,305,5,,,,,,,,,,,Southwestbound:Right:18,Southwestbound:Thru:101,Southwestbound:Left:88
redwood/20090101+report.txt,BROADWAY / US 101 SB OFF-RAMP / WO0DSIDE RD,Vehicles Only,6/3/2008,07:15-07:30,5,17,39,17,237,44,102,31,17,7,328,10,,,,,,,,,,,Southwestbound:Right:9,Southwestbound:Thru:93,Southwestbound:Left:73
redwood/20090101+report.txt,BROADWAY / US 101 SB OFF-RAMP / WO0DSIDE RD,Vehicles Only,6/3/2008,07:30-07:45,6,40,53,17,209,39,115,39,24,11,372,7,,,,,,,,,,,Southwestbound:Right:15,Southwestbound:Thru:149,Southwestbound:Left:81
redwood/20090101+report.txt,BROADWAY / US 101 SB OFF-RAMP / WO0DSIDE RD,Vehicles Only,6/3/2008,07:45-08:00,8,38,40,25,251,39,107,52,25,9,371,6,,,,,,,,,,,Southwestbound:Right:10,Southwestbound:Thru:105,Southwestbound:Left:85
redwood/20090101+report.txt,BROADWAY / US 101 SB OFF-RAMP / WO0DSIDE RD,Vehicles Only,6/3/2008,08:00-08:15,16,54,37,8,187,50,121,43,19,8,315,8,,,,,,,,,,,Southwestbound:Right:11,Southwestbound:Thru:117,Southwestbound:Left:76
redwood/20090101+report.txt,BROADWAY / US 101 SB OFF-RAMP / WO0DSIDE RD,Vehicles Only,6/3/2008,08:15-08:30,11,55,39,15,175,29,86,46,19,12,368,12,,,,,,,,,,,Southwestbound:Right:8,Southwestbound:Thru:121,Southwestbound:Left:94
redwood/20090101+report.txt,BROADWAY / US 101 SB OFF-RAMP / WO0DSIDE RD,Vehicles Only,6/3/2008,08:30-08:45,10,50,27,15,187,36,101,36,21,16,362,18,,,,,,,,,,,Southwestbound:Right:12,Southwestbound:Thru:87,Southwestbound:Left:60
redwood/20090101+report.txt,BROADWAY / US 101 SB OFF-RAMP / WO0DSIDE RD,Vehicles Only,6/3/2008,08:45-09:00,13,53,41,13,149,34,88,48,18,22,335,7,,,,,,,,,,,Southwestbound:Right:20,Southwestbound:Thru:106,Southwestbound:Left:66
redwood/20090101+report.txt,BROADWAY / US 101 SB OFF-RAMP / WO0DSIDE RD,Vehicles Only,6/3/2008,16:00-16:15,11,56,52,22,238,37,109,58,29,7,305,16,,,,,,,,,,,Southwestbound:Right:21,Southwestbound:Thru:128,Southwestbound:Left:87
redwood/20090101+report.txt,BROADWAY / US 101 SB OFF-RAMP / WO0DSIDE RD,Vehicles Only,6/3/2008,16:15-16:30,18,79,60,26,194,33,123,47,22,5,345,16,,,,,,,,,,,Southwestbound:Right:29,Southwestbound:Thru:146,Southwestbound:Left:91
redwood/20090101+report.txt,BROADWAY / US 101 SB OFF-RAMP / WO0DSIDE RD,Vehicles Only,6/3/2008,16:30-16:45,24,98,76,23,215,32,146,73,21,6,306,18,,,,,,,,,,,Southwestbound:Right:16,Southwestbound:Thru:138,Southwestbound:Left:89
redwood/20090101+report.txt,BROADWAY / US 101 SB OFF-RAMP / WO0DSIDE RD,Vehicles Only,6/3/2008,16:45-17:00,19,87,78,17,224,22,145,58,25,5,265,19,,,,,,,,,,,Southwestbound:Right:22,Southwestbound:Thru:156,Southwestbound:Left:105
redwood/20090101+report.txt,BROADWAY / US 101 SB OFF-RAMP / WO0DSIDE RD,Vehicles Only,6/3/2008,17:00-17:15,23,89,84,18,252,28,161,65,32,8,318,20,,,,,,,,,,,Southwestbound:Right:26,Southwestbound:Thru:145,Southwestbound:Left:83
redwood/20090101+report.txt,BROADWAY / US 101 SB OFF-RAMP / WO0DSIDE RD,Vehicles Only,6/3/2008,17:15-17:30,16,80,68,20,247,36,116,55,48,6,298,16,,,,,,,,,,,Southwestbound:Right:23,Southwestbound:Thru:170,Southwestbound:Left:85
redwood/20090101+report.txt,BROADWAY / US 101 SB OFF-RAMP / WO0DSIDE RD,Vehicles Only,6/3/2008,17:30-17:45,11,101,77,28,221,29,98,60,32,2,239,20,,,,,,,,,,,Southwestbound:Right:22,Southwestbound:Thru:166,Southwestbound:Left:85
redwood/20090101+report.txt,BROADWAY / US 101 SB OFF-RAMP / WO0DSIDE RD,Vehicles Only,6/3/2008,17:45-18:00,15,94,52,23,236,28,60,63,15,10,240,12,,,,,,,,,,,Southwestbound:Right:24,Southwestbound:Thru:154,Southwestbound:Left:58
redwood/Addendum_No_1.txt,MIDDLEFIELD RD / CHARTER ST / COSTCO DRIVEWAY,1 - Unshifted,08/27/2005,12:00-12:15,75,122,64,31,14,20,8,123,56,14,13,96,0,0,0,0,,,,,,
redwood/Addendum_No_1.txt,MIDDLEFIELD RD / CHARTER ST / COSTCO DRIVEWAY,1 - Unshifted,08/27/2005,12:15-12:30,57,151,52,9,14,11,11,150,37,5,6,97,0,0,0,0,,,,,,
redwood/Addendum_No_1.txt,MIDDLEFIELD RD / CHARTER ST / COSTCO DRIVEWAY,1 - Unshifted,08/27/2005,12:30-12:45,63,155,50,17,13,15,15,129,22,11,11,96,0,0,0,0,,,,,,
redwood/Addendum_No_1.txt,MIDDLEFIELD RD / CHARTER ST / COSTCO DRIVEWAY,1 - Unshifted,08/27/2005,12:45-13:00,63,140,73,11,7,12,8,166,31,7,6,78,0,0,0,0,,,,,,
redwood/Addendum_No_1.txt,MIDDLEFIELD RD / CHARTER ST / COSTCO DRIVEWAY,1 - Unshifted,08/27/2005,13:00-13:15,66,141,54,12,11,11,8,154,35,9,10,76,0,0,0,0,,,,,,
redwood/Addendum_No_1.txt,MIDDLEFIELD RD / CHARTER ST / COSTCO DRIVEWAY,1 - Unshifted,08/27/2005,13:15-13:30,55,126,61,17,16,20,9,141,26,7,14,101,0,0,0,0,,,,,,
redwood/Addendum_No_1.txt,MIDDLEFIELD RD / CHARTER ST / COSTCO DRIVEWAY,1 - Unshifted,08/27/2005,13:30-13:45,50,127,49,27,9,16,5,128,31,8,13,106,0,0,0,0,,,,,,
redwood/Addendum_No_1.txt,MIDDLEFIELD RD / CHARTER ST / COSTCO DRIVEWAY,1 - Unshifted,08/27/2005,13:45-14:00,53,143,44,12,13,14,12,153,38,10,8,87,0,0,0,0,,,,,,
redwood/Addendum_No_1.txt,MIDDLEFIELD RD / CHARTER ST / COSTCO DRIVEWAY,1 - Unshifted,08/27/2005,14:00-14:15,50,142,61,20,17,18,9,148,34,6,12,85,0,0,0,0,,,,,,
redwood/Addendum_No_1.txt,MIDDLEFIELD RD / CHARTER ST / COSTCO DRIVEWAY,1 - Unshifted,08/27/2005,14:15-14:30,54,130,49,9,9,8,2,98,21,10,10,79,0,0,0,0,,,,,,
redwood/Addendum_No_1.txt,MIDDLEFIELD RD / CHARTER ST / COSTCO DRIVEWAY,1 - Unshifted,08/27/2005,14:30-14:45,49,135,49,11,15,16,8,102,31,7,15,90,0,0,0,0,,,,,,
redwood/Addendum_No_1.txt,MIDDLEFIELD RD / CHARTER ST / COSTCO DRIVEWAY,1 - Unshifted,08/27/2005,14:45-15:00,51,130,61,10,10,16,11,127,32,9,12,109,0,0,0,0,,,,,,
redwood/Appendix G - Traffic Study.txt,El Camino Real / Dumbarton Avenue / Oakwood Drive,Unshifted,2/23/2012,07:00-07:15,1,220,6,14,6,21,5,113,6,8,1,11,,,,,,,,,,
redwood/Appendix G - Traffic Study.txt,El Camino Real / Dumbarton Avenue / Oakwood Drive,Unshifted,2/23/2012,07:15-07:30,0,312,7,16,8,28,5,125,5,23,1,13,,,,,,,,,,
redwood/Appendix G - Traffic Study.txt,El Camino Real / Dumbarton Avenue / Oakwood Drive,Unshifted,2/23/2012,07:30-07:45,0,513,10,20,8,41,7,218,8,22,5,19,,,,,,,,,,
redwood/Appendix G - Traffic Study.txt,El Camino Real / Dumbarton Avenue / Oakwood Drive,Unshifted,2/23/2012,07:45-08:00,3,476,5,12,6,51,11,283,14,30,5,24,,,,,,,,,,
redwood/Appendix G - Traffic Study.txt,El Camino Real / Dumbarton Avenue / Oakwood Drive,Unshifted,2/23/2012,08:00-08:15,2,437,10,8,5,70,5,284,15,21,15,25,,,,,,,,,,
redwood/Appendix G - Traffic Study.txt,El Camino Real / Dumbarton Avenue / Oakwood Drive,Unshifted,2/23/2012,08:15-08:30,3,466,9,14,8,34,13,276,13,21,26,34,,,,,,,,,,
redwood/Appendix G - Traffic Study.txt,El Camino Real / Dumbarton Avenue / Oakwood Drive,Unshifted,2/23/2012,08:30-08:45,6,442,16,10,2,33,8,243,9,26,17,26,,,,,,,,,,
redwood/Appendix G - Traffic Study.txt,El Camino Real / Dumbarton Avenue / Oakwood Drive,Unshifted,2/23/2012,08:45-09:00,3,387,8,11,4,22,7,258,5,20,5,17,,,,,,,,,,
redwood/Appendix G - Traffic Study.txt,El Camino Real / Dumbarton Avenue / Oakwood Drive,Unshifted,2/23/2012,14:00-14:15,5,310,9,8,3,19,8,357,15,15,5,14,,,,,,,,,,
redwood/Appendix G - Traffic Study.txt,El Camino Real / Dumbarton Avenue / Oakwood Drive,Unshifted,2/23/2012,14:15-14:30,4,276,15,11,4,8,9,340,15,8,3,9,,,,,,,,,,
redwood/Appendix G - Traffic Study.txt,El Camino Real / Dumbarton Avenue / Oakwood Drive,Unshifted,2/23/2012,14:30-14:45,5,320,11,11,2,12,8,356,21,8,5,7,,,,,,,,,,
redwood/Appendix G - Traffic Study.txt,El Camino Real / Dumbarton Avenue / Oakwood Drive,Unshifted,2/23/2012,14:45-15:00,3,326,13,11,1,24,2,369,17,12,2,9,,,,,,,,,,
redwood/Appendix G - Traffic Study.txt,El Camino Real / Dumbarton Avenue / Oakwood Drive,Unshifted,2/23/2012,15:00-15:15,5,325,18,12,1,20,8,376,20,16,0,8,,,,,,,,,,
redwood/Appendix G - Traffic Study.txt,El Camino Real / Dumbarton Avenue / Oakwood Drive,Unshifted,2/23/2012,15:15-15:30,4,272,15,11,3,22,7,356,10,8,8,11,,,,,,,,,,
redwood/Appendix G - Traffic Study.txt,El Camino Real / Dumbarton Avenue / Oakwood Drive,Unshifted,2/23/2012,15:30-15:45,5,267,25,15,8,21,11,407,25,16,5,15,,,,,,,,,,
redwood/Appendix G - Traffic Study.txt,El Camino Real / Dumbarton Avenue / Oakwood Drive,Unshifted,2/23/2012,15:45-16:00,6,308,18,15,4,24,6,394,15,13,7,9,,,,,,,,,,
redwood/Appendix G - Traffic Study.txt,El Camino Real / Dumbarton Avenue / Oakwood Drive,Unshifted,2/23/2012,16:00-16:15,3,305,15,12,1,23,11,448,24,9,6,9,,,,,,,,,,
redwood/Appendix G - Traffic Study.txt,El Camino Real / Dumbarton Avenue / Oakwood Drive,Unshifted,2/23/2012,16:15-16:30,9,285,19,14,1,16,8,412,23,16,10,11,,,,,,,,,,
redwood/Appendix G - Traffic Study.txt,El Camino Real / Dumbarton Avenue / Oakwood Drive,Unshifted,2/23/2012,16:30-16:45,6,302,20,15,4,21,11,452,23,15,11,12,,,,,,,,,,
redwood/Appendix G - Traffic Study.txt,El Camino Real / Dumbarton Avenue / Oakwood Drive,Unshifted,2/23/2012,16:45-17:00,4,348,12,17,2,28,9,415,19,16,5,13,,,,,,,,,,
redwood/Appendix G - Traffic Study.txt,El Camino Real / Dumbarton Avenue / Oakwood Drive,Unshifted,2/23/2012,17:00-17:15,8,293,23,10,3,20,10,492,33,10,7,10,,,,,,,,,,
redwood/Appendix G - Traffic Study.txt,El Camino Real / Dumbarton Avenue / Oakwood Drive,Unshifted,2/23/2012,17:15-17:30,7,327,27,16,2,31,16,493,31,11,3,8,,,,,,,,,,
redwood/Appendix G - Traffic Study.txt,El Camino Real / Dumbarton Avenue / Oakwood Drive,Unshifted,2/23/2012,17:30-17:45,3,353,20,19,4,29,11,464,28,12,8,5,,,,,,,,,,
redwood/Appendix G - Traffic Study.txt,El Camino Real / Dumbarton Avenue / Oakwood Drive,Unshifted,2/23/2012,17:45-18:00,3,332,27,14,5,23,8,459,23,15,8,9,,,,,,,,,,
redwood/Appendix G - Traffic Study.txt,El Camino Real / Dumbarton Avenue / Oakwood Drive,Bank 1,2/23/2012,07:00-07:15,0,2,0,0,0,0,0,1,0,0,0,0,3,2,0,0,,,,,,
redwood/Appendix G - Traffic Study.txt,El Camino Real / Dumbarton Avenue / Oakwood Drive,Bank 1,2/23/2012,07:15-07:30,0,2,1,0,0,0,0,1,0,0,0,1,2,1,0,0,,,,,,
redwood/Appendix G - Traffic Study.txt,El Camino Real / Dumbarton Avenue / Oakwood Drive,Bank 1,2/23/2012,07:30-07:45,0,1,0,0,0,1,0,4,0,0,1,0,3,2,0,1,,,,,,
redwood/Appendix G - Traffic Study.txt,El Camino Real / Dumbarton Avenue / Oakwood Drive,Bank 1,2/23/2012,07:45-08:00,3,4,3,1,0,2,0,2,0,0,0,0,6,3,0,1,,,,,,
redwood/Appendix G - Traffic Study.txt,El Camino Real / Dumbarton Avenue / Oakwood Drive,Bank 1,2/23/2012,08:00-08:15,0,2,0,0,0,1,0,2,0,0,0,0,7,4,0,2,,,,,,
redwood/Appendix G - Traffic Study.txt,El Camino Real / Dumbarton Avenue / Oakwood Drive,Bank 1,2/23/2012,08:15-08:30,0,5,0,0,0,1,0,2,0,0,0,0,4,1,0,0,,,,,,
redwood/Appendix G - Traffic Study.txt,El Camino Real / Dumbarton Avenue / Oakwood Drive,Bank 1,2/23/2012,08:30-08:45,0,5,1,0,0,0,0,2,0,0,1,0,5,1,0,0,,,,,,
redwood/Appendix G - Traffic Study.txt,El Camino Real / Dumbarton Avenue / Oakwood Drive,Bank 1,2/23/2012,08:45-09:00,1,4,0,0,0,0,0,0,0,1,1,0,4,2,0,0,,,,,,
redwood/Appendix G - Traffic Study.txt,El Camino Real / Dumbarton Avenue / Oakwood Drive,Bank 1,2/23/2012,14:00-14:15,0,2,0,0,0,1,0,2,0,0,0,0,14,3,0,2,,,,,,
redwood/Appendix G - Traffic Study.txt,El Camino Real / Dumbarton Avenue / Oakwood Drive,Bank 1,2/23/2012,14:15-14:30,0,2,0,1,0,0,0,0,0,0,0,0,10,2,0,1,,,,,,
redwood/Appendix G - Traffic Study.txt,El Camino Real / Dumbarton Avenue / Oakwood Drive,Bank 1,2/23/2012,14:30-14:45,0,0,0,0,0,0,0,1,0,0,0,0,7,0,0,1,,,,,,
redwood/Appendix G - Traffic Study.txt,El Camino Real / Dumbarton Avenue / Oakwood Drive,Bank 1,2/23/2012,14:45-15:00,0,1,0,0,0,1,0,3,0,0,0,0,12,5,0,0,,,,,,
redwood/Appendix G - Traffic Study.txt,El Camino Real / Dumbarton Avenue / Oakwood Drive,Bank 1,2/23/2012,15:00-15:15,0,0,0,0,0,0,0,2,0,0,0,0,8,6,0,5,,,,,,
redwood/Appendix G - Traffic Study.txt,El Camino Real / Dumbarton Avenue / Oakwood Drive,Bank 1,2/23/2012,15:15-15:30,0,1,1,2,0,0,1,3,0,0,0,0,3,5,0,1,,,,,,
redwood/Appendix G - Traffic Study.txt,El Camino Real / Dumbarton Avenue / Oakwood Drive,Bank 1,2/23/2012,15:30-15:45,0,1,1,0,0,1,0,3,0,0,0,1,4,2,0,0,,,,,,
redwood/Appendix G - Traffic Study.txt,El Camino Real / Dumbarton Avenue / Oakwood Drive,Bank 1,2/23/2012,15:45-16:00,0,5,0,0,0,0,0,2,0,0,0,0,3,10,0,0,,,,,,
redwood/Appendix G - Traffic Study.txt,El Camino Real / Dumbarton Avenue / Oakwood Drive,Bank 1,2/23/2012,16:00-16:15,0,2,1,0,0,1,0,1,0,0,0,0,11,4,0,0,,,,,,
redwood/Appendix G - Traffic Study.txt,El Camino Real / Dumbarton Avenue / Oakwood Drive,Bank 1,2/23/2012,16:15-16:30,0,4,0,0,0,0,0,2,0,0,0,0,15,5,0,0,,,,,,
redwood/Appendix G - Traffic Study.txt,El Camino Real / Dumbarton Avenue / Oakwood Drive,Bank 1,2/23/2012,16:30-16:45,0,2,2,1,0,0,1,2,0,0,0,0,8,3,0,1,,,,,,
redwood/Appendix G - Traffic Study.txt,El Camino Real / Dumbarton Avenue / Oakwood Drive,Bank 1,2/23/2012,16:45-17:00,0,0,0,0,0,0,0,1,0,0,0,0,2,8,0,1,,,,,,
redwood/Appendix G - Traffic Study.txt,El Camino Real / Dumbarton Avenue / Oakwood Drive,Bank 1,2/23/2012,17:00-17:15,0,1,0,1,0,0,0,1,0,0,0,0,3,4,0,0,,,,,,
redwood/Appendix G - Traffic Study.txt,El Camino Real / Dumbarton Avenue / Oakwood Drive,Bank 1,2/23/2012,17:15-17:30,0,5,1,0,1,0,1,4,0,0,0,0,4,4,0,1,,,,,,
redwood/Appendix G - Traffic Study.txt,El Camino Real / Dumbarton Avenue / Oakwood Drive,Bank 1,2/23/2012,17:30-17:45,0,2,0,0,0,0,1,0,0,0,0,0,3,2,0,2,,,,,,
redwood/Appendix G - Traffic Study.txt,El Camino Real / Dumbarton Avenue / Oakwood Drive,Bank 1,2/23/2012,17:45-18:00,0,1,0,0,0,0,0,1,0,0,0,0,8,9,0,6,,,,,,
redwood/AppendixB.txt,MARINE PKWY / TWIN DOLPHIN DR,Vehicles,11/14/2006,07:00-07:15,0,0,0,0,139,12,3,0,11,42,49,0,0,0,0,0,,,,,,
redwood/AppendixB.txt,MARINE PKWY / TWIN DOLPHIN DR,Vehicles,11/14/2006,07:15-07:30,0,0,0,0,195,16,6,0,17,60,77,0,0,0,0,0,,,,,,
redwood/AppendixB.txt,MARINE PKWY / TWIN DOLPHIN DR,Vehicles,11/14/2006,07:30-07:45,0,0,0,0,276,16,3,0,9,62,74,0,0,0,0,0,,,,,,
redwood/AppendixB.txt,MARINE PKWY / TWIN DOLPHIN DR,Vehicles,11/14/2006,07:45-08:00,0,0,0,0,213,12,7,0,16,107,86,0,0,0,0,0,,,,,,
redwood/AppendixB.txt,MARINE PKWY / TWIN DOLPHIN DR,Vehicles,11/14/2006,08:00-08:15,0,0,0,0,196,22,4,0,9,58,112,0,0,0,0,0,,,,,,
redwood/AppendixB.txt,MARINE PKWY / TWIN DOLPHIN DR,Vehicles,11/14/2006,08:15-08:30,0,0,0,0,236,15,5,0,24,38,122,0,0,0,0,0,,,,,,
redwood/AppendixB.txt,MARINE PKWY / TWIN DOLPHIN DR,Vehicles,11/14/2006,08:30-08:45,0,0,0,0,286,18,9,0,19,78,169,0,0,0,0,0,,,,,,
redwood/AppendixB.txt,MARINE PKWY / TWIN DOLPHIN DR,Vehicles,11/14/2006,08:45-09:00,0,0,0,0,248,10,11,0,63,169,138,0,0,0,0,0,,,,,,
redwood/AppendixB.txt,MARINE PKWY / TWIN DOLPHN DR,Vehicles,11/28/2006,13:00-13:15,0,0,0,0,129,9,15,0,72,94,150,0,0,0,0,0,,,,,,
redwood/AppendixB.txt,MARINE PKWY / TWIN DOLPHN DR,Vehicles,11/28/2006,13:15-13:30,0,0,0,0,152,15,12,0,63,82,149,0,0,0,0,0,,,,,,
redwood/AppendixB.txt,MARINE PKWY / TWIN DOLPHN DR,Vehicles,11/28/2006,13:30-13:45,0,0,0,0,124,8,13,0,59,60,184,0,0,0,0,0,,,,,,
redwood/AppendixB.txt,MARINE PKWY / TWIN DOLPHN DR,Vehicles,11/28/2006,13:45-14:00,0,0,0,0,125,14,22,0,62,62,138,0,0,0,0,0,,,,,,
redwood/AppendixB.txt,MARINE PKWY / TWIN DOLPHN DR,Vehicles,11/28/2006,14:00-14:15,0,0,0,0,117,9,6,0,56,49,151,0,0,0,0,0,,,,,,
redwood/AppendixB.txt,MARINE PKWY / TWIN DOLPHN DR,Vehicles,11/28/2006,14:15-14:30,0,0,0,0,103,11,4,0,48,47,118,0,0,0,0,0,,,,,,
redwood/AppendixB.txt,MARINE PKWY / TWIN DOLPHN DR,Vehicles,11/28/2006,14:30-14:45,0,0,0,0,152,10,4,0,41,29,111,0,0,0,0,0,,,,,,
redwood/AppendixB.txt,MARINE PKWY / TWIN DOLPHN DR,Vehicles,11/28/2006,14:45-15:00,0,0,0,0,154,9,9,0,45,31,118,0,0,0,0,0,,,,,,
redwood/AppendixB.txt,MARINE PKWY / TWIN DOLPHIN DR,Vehicles,11/14/2006,16:00-16:15,0,0,0,0,138,6,25,0,121,13,77,0,0,0,0,0,,,,,,
redwood/AppendixB.txt,MARINE PKWY / TWIN DOLPHIN DR,Vehicles,11/14/2006,16:15-16:30,0,0,0,0,155,7,24,0,111,32,109,0,0,0,0,0,,,,,,
redwood/AppendixB.txt,MARINE PKWY / TWIN DOLPHIN DR,Vehicles,11/14/2006,16:30-16:45,0,0,0,0,112,13,27,0,73,32,102,0,0,0,0,0,,,,,,
redwood/AppendixB.txt,MARINE PKWY / TWIN DOLPHIN DR,Vehicles,11/14/2006,16:45-17:00,0,0,0,0,129,10,41,0,86,18,99,0,0,0,0,0,,,,,,
redwood/AppendixB.txt,MARINE PKWY / TWIN DOLPHIN DR,Vehicles,11/14/2006,17:00-17:15,0,0,0,0,152,28,45,0,76,47,168,0,0,0,0,0,,,,,,
redwood/AppendixB.txt,MARINE PKWY / TWIN DOLPHIN DR,Vehicles,11/14/2006,17:15-17:30,0,0,0,0,183,9,61,0,167,53,152,0,0,0,0,0,,,,,,
redwood/AppendixB.txt,MARINE PKWY / TWIN DOLPHIN DR,Vehicles,11/14/2006,17:30-17:45,0,0,0,0,131,18,52,0,164,59,156,0,0,0,0,0,,,,,,
redwood/AppendixB.txt,MARINE PKWY / TWIN DOLPHIN DR,Vehicles,11/14/2006,17:45-18:00,0,0,0,0,156,15,13,0,136,53,245,0,0,0,0,0,,,,,,
redwood/AppendixB.txt,BRIDGE PKWY / MARINE PKWY,Vehicles,11/14/2006,07:00-07:15,9,3,0,0,108,12,9,3,18,10,24,10,0,0,0,0,,,,,,
redwood/AppendixB.txt,BRIDGE PKWY / MARINE PKWY,Vehicles,11/14/2006,07:15-07:30,6,0,0,0,147,8,7,0,44,17,43,14,0,0,0,0,,,,,,
redwood/AppendixB.txt,BRIDGE PKWY / MARINE PKWY,Vehicles,11/14/2006,07:30-07:45,10,7,0,6,211,15,3,10,66,10,41,21,0,0,0,0,,,,,,
redwood/AppendixB.txt,BRIDGE PKWY / MARINE PKWY,Vehicles,11/14/2006,07:45-08:00,10,4,0,2,146,24,3,9,64,8,57,22,0,0,0,0,,,,,,
redwood/AppendixB.txt,BRIDGE PKWY / MARINE PKWY,Vehicles,11/14/2006,08:00-08:15,12,1,1,1,169,19,12,13,32,13,68,36,0,0,0,0,,,,,,
redwood/AppendixB.txt,BRIDGE PKWY / MARINE PKWY,Vehicles,11/14/2006,08:15-08:30,12,1,0,2,183,20,11,14,53,7,88,37,0,0,0,0,,,,,,
redwood/AppendixB.txt,BRIDGE PKWY / MARINE PKWY,Vehicles,11/14/2006,08:30-08:45,5,1,1,1,216,11,17,7,64,15,94,64,0,0,0,0,,,,,,
redwood/AppendixB.txt,BRIDGE PKWY / MARINE PKWY,Vehicles,11/14/2006,08:45-09:00,9,0,0,0,161,17,18,15,54,23,96,59,0,0,0,0,,,,,,
redwood/AppendixB.txt,BRIDGE PKWY / MARINE PKWY,Vehicles,11/28/2006,13:00-13:15,23,11,0,0,80,13,25,13,24,27,91,24,0,0,0,0,,,,,,
redwood/AppendixB.txt,BRIDGE PKWY / MARINE PKWY,Vehicles,11/28/2006,13:15-13:30,22,4,0,2,74,15,17,18,30,18,99,26,0,0,0,0,,,,,,
redwood/AppendixB.txt,BRIDGE PKWY / MARINE PKWY,Vehicles,11/28/2006,13:30-13:45,15,5,2,1,77,9,14,12,34,19,83,37,0,0,0,0,,,,,,
redwood/AppendixB.txt,BRIDGE PKWY / MARINE PKWY,Vehicles,11/28/2006,13:45-14:00,18,3,1,1,67,9,18,12,31,29,81,15,0,0,0,0,,,,,,
redwood/AppendixB.txt,BRIDGE PKWY / MARINE PKWY,Vehicles,11/28/2006,14:00-14:15,13,4,1,0,67,11,8,7,19,26,66,13,0,0,0,0,,,,,,
redwood/AppendixB.txt,BRIDGE PKWY / MARINE PKWY,Vehicles,11/28/2006,14:15-14:30,18,0,0,1,56,9,16,5,19,30,87,18,0,0,0,0,,,,,,
redwood/AppendixB.txt,BRIDGE PKWY / MARINE PKWY,Vehicles,11/28/2006,14:30-14:45,16,0,0,0,96,7,8,1,28,19,60,12,0,0,0,0,,,,,,
redwood/AppendixB.txt,BRIDGE PKWY / MARINE PKWY,Vehicles,11/28/2006,14:45-15:00,18,2,1,0,81,9,16,2,32,26,72,6,0,0,0,0,,,,,,
redwood/AppendixB.txt,BRIDGE PKWY / MARINE PKWY,Vehicles,11/14/2006,16:00-16:15,20,1,0,1,86,17,17,3,27,24,58,12,0,0,0,0,,,,,,
redwood/AppendixB.txt,BRIDGE PKWY / MARINE PKWY,Vehicles,11/14/2006,16:15-16:30,30,3,1,3,105,10,12,6,21,15,95,7,0,0,0,0,,,,,,
redwood/AppendixB.txt,BRIDGE PKWY / MARINE PKWY,Vehicles,11/14/2006,16:30-16:45,22,2,0,1,88,12,17,4,29,34,65,11,0,0,0,0,,,,,,
redwood/AppendixB.txt,BRIDGE PKWY / MARINE PKWY,Vehicles,11/14/2006,16:45-17:00,31,7,0,0,92,15,23,2,32,30,85,15,0,0,0,0,,,,,,
redwood/AppendixB.txt,BRIDGE PKWY / MARINE PKWY,Vehicles,11/14/2006,17:00-17:15,52,6,0,0,103,12,29,7,27,46,143,5,0,0,0,0,,,,,,
redwood/AppendixB.txt,BRIDGE PKWY / MARINE PKWY,Vehicles,11/14/2006,17:15-17:30,74,14,1,0,105,16,27,5,27,45,152,10,0,0,0,0,,,,,,
redwood/AppendixB.txt,BRIDGE PKWY / MARINE PKWY,Vehicles,11/14/2006,17:30-17:45,41,9,0,1,85,14,17,3,19,59,127,2,0,0,0,0,,,,,,
redwood/AppendixB.txt,BRIDGE PKWY / MARINE PKWY,Vehicles,11/14/2006,17:45-18:00,40,11,0,2,102,12,33,2,17,57,179,10,0,0,0,0,,,,,,
redwood/AppendixB.txt,SHELL PKWY / MARINE PKWY,Vehicles,11/14/2006,07:00-07:15,5,2,0,3,53,7,3,5,15,4,14,8,0,0,0,0,,,,,,
redwood/AppendixB.txt,SHELL PKWY / MARINE PKWY,Vehicles,11/14/2006,07:15-07:30,6,4,0,0,56,9,1,2,38,8,14,3,0,0,0,0,,,,,,
redwood/AppendixB.txt,SHELL PKWY / MARINE PKWY,Vehicles,11/14/2006,07:30-07:45,8,2,0,3,69,9,4,2,42,4,13,3,0,0,0,0,,,,,,
redwood/AppendixB.txt,SHELL PKWY / MARINE PKWY,Vehicles,11/14/2006,07:45-08:00,4,4,0,1,82,10,0,4,36,8,23,5,0,0,0,0,,,,,,
redwood/AppendixB.txt,SHELL PKWY / MARINE PKWY,Vehicles,11/14/2006,08:00-08:15,5,4,2,3,80,10,4,6,35,10,18,9,0,0,0,0,,,,,,
redwood/AppendixB.txt,SHELL PKWY / MARINE PKWY,Vehicles,11/14/2006,08:15-08:30,6,9,1,1,61,5,4,11,60,15,26,6,0,0,0,0,,,,,,
redwood/AppendixB.txt,SHELL PKWY / MARINE PKWY,Vehicles,11/14/2006,08:30-08:45,6,4,0,2,89,8,4,6,54,5,27,9,0,0,0,0,,,,,,
redwood/AppendixB.txt,SHELL PKWY / MARINE PKWY,Vehicles,11/14/2006,08:45-09:00,8,4,4,6,56,6,2,4,36,13,25,4,0,0,0,0,,,,,,
redwood/AppendixB.txt,MARINE PKWY / SHELL PKWY / SHEARWATER PKWY,Vehicles,11/28/2006,13:00-13:15,6,8,1,1,32,6,4,13,17,14,21,4,0,0,0,0,,,,,,
redwood/AppendixB.txt,MARINE PKWY / SHELL PKWY / SHEARWATER PKWY,Vehicles,11/28/2006,13:15-13:30,5,0,2,2,26,0,3,4,10,11,29,5,0,0,0,0,,,,,,
redwood/AppendixB.txt,MARINE PKWY / SHELL PKWY / SHEARWATER PKWY,Vehicles,11/28/2006,13:30-13:45,6,3,1,0,27,2,2,2,12,8,21,7,0,0,0,0,,,,,,
redwood/AppendixB.txt,MARINE PKWY / SHELL PKWY / SHEARWATER PKWY,Vehicles,11/28/2006,13:45-14:00,4,1,1,3,27,2,4,4,12,16,23,1,0,0,0,0,,,,,,
redwood/AppendixB.txt,MARINE PKWY / SHELL PKWY / SHEARWATER PKWY,Vehicles,11/28/2006,14:00-14:15,3,2,2,1,16,4,1,5,10,11,25,5,0,0,0,0,,,,,,
redwood/AppendixB.txt,MARINE PKWY / SHELL PKWY / SHEARWATER PKWY,Vehicles,11/28/2006,14:15-14:30,2,4,2,3,21,1,3,1,8,14,25,3,0,0,0,0,,,,,,
redwood/AppendixB.txt,MARINE PKWY / SHELL PKWY / SHEARWATER PKWY,Vehicles,11/28/2006,14:30-14:45,8,1,1,2,45,0,3,5,25,15,19,4,0,0,0,0,,,,,,
redwood/AppendixB.txt,MARINE PKWY / SHELL PKWY / SHEARWATER PKWY,Vehicles,11/28/2006,14:45-15:00,12,2,1,2,31,2,4,3,14,14,19,7,0,0,0,0,,,,,,
redwood/AppendixB.txt,SHELL PKWY / MARINE PKWY,Vehicles,11/14/2006,16:00-16:15,7,7,0,1,44,4,8,5,18,7,27,7,0,0,0,0,,,,,,
redwood/AppendixB.txt,SHELL PKWY / MARINE PKWY,Vehicles,11/14/2006,16:15-16:30,4,3,1,2,45,9,6,1,20,21,28,0,0,0,0,0,,,,,,
redwood/AppendixB.txt,SHELL PKWY / MARINE PKWY,Vehicles,11/14/2006,16:30-16:45,4,3,0,0,27,5,6,5,14,16,31,4,0,0,0,0,,,,,,
redwood/AppendixB.txt,SHELL PKWY / MARINE PKWY,Vehicles,11/14/2006,16:45-17:00,8,4,2,1,36,2,5,9,13,23,45,8,0,0,0,0,,,,,,
redwood/AppendixB.txt,SHELL PKWY / MARINE PKWY,Vehicles,11/14/2006,17:00-17:15,11,8,1,2,26,3,12,8,10,31,39,7,0,0,0,0,,,,,,
redwood/AppendixB.txt,SHELL PKWY / MARINE PKWY,Vehicles,11/14/2006,17:15-17:30,9,4,2,0,14,6,11,3,14,40,50,2,0,0,0,0,,,,,,
redwood/AppendixB.txt,SHELL PKWY / MARINE PKWY,Vehicles,11/14/2006,17:30-17:45,7,8,6,0,30,4,7,7,18,27,56,2,0,0,0,0,,,,,,
redwood/AppendixB.txt,SHELL PKWY / MARINE PKWY,Vehicles,11/14/2006,17:45-18:00,6,4,1,0,20,1,8,5,18,28,65,11,0,0,0,0,,,,,,
redwood/AppendixB.txt,SHEARWATER PKWY / MONACO DR,Vehicles,11/14/2006,07:00-07:15,0,0,0,0,63,2,5,0,5,2,8,0,0,0,0,0,,,,,,
redwood/AppendixB.txt,SHEARWATER PKWY / MONACO DR,Vehicles,11/14/2006,07:15-07:30,0,0,0,0,61,1,1,0,3,1,13,0,0,0,0,0,,,,,,
redwood/AppendixB.txt,SHEARWATER PKWY / MONACO DR,Vehicles,11/14/2006,07:30-07:45,0,0,0,0,71,2,1,0,6,1,14,0,0,0,0,0,,,,,,
redwood/AppendixB.txt,SHEARWATER PKWY / MONACO DR,Vehicles,11/14/2006,07:45-08:00,0,0,0,0,74,2,2,0,6,0,21,0,0,0,0,0,,,,,,
redwood/AppendixB.txt,SHEARWATER PKWY / MONACO DR,Vehicles,11/14/2006,08:00-08:15,0,0,0,0,71,2,2,0,8,2,23,0,0,0,0,0,,,,,,
redwood/AppendixB.txt,SHEARWATER PKWY / MONACO DR,Vehicles,11/14/2006,08:15-08:30,0,0,0,0,65,2,3,0,6,3,36,0,0,0,0,0,,,,,,
redwood/AppendixB.txt,SHEARWATER PKWY / MONACO DR,Vehicles,11/14/2006,08:30-08:45,0,0,0,0,82,0,0,0,0,4,24,0,0,0,0,0,,,,,,
redwood/AppendixB.txt,SHEARWATER PKWY / MONACO DR,Vehicles,11/14/2006,08:45-09:00,0,0,0,0,52,1,0,0,10,3,29,0,0,0,0,0,,,,,,
redwood/AppendixB.txt,SHEARWATER PKWY / MONACO DR,Vehicles,11/28/2006,13:00-13:15,0,0,0,0,28,0,2,0,5,5,27,0,0,0,0,0,,,,,,
redwood/AppendixB.txt,SHEARWATER PKWY / MONACO DR,Vehicles,11/28/2006,13:15-13:30,0,0,0,0,16,1,1,0,3,5,26,0,0,0,0,0,,,,,,
redwood/AppendixB.txt,SHEARWATER PKWY / MONACO DR,Vehicles,11/28/2006,13:30-13:45,0,0,0,0,18,1,1,0,8,6,13,0,0,0,0,0,,,,,,
redwood/AppendixB.txt,SHEARWATER PKWY / MONACO DR,Vehicles,11/28/2006,13:45-14:00,0,0,0,1,22,3,3,0,3,4,17,1,0,0,0,0,,,,,,
redwood/AppendixB.txt,SHEARWATER PKWY / MONACO DR,Vehicles,11/28/2006,14:00-14:15,0,0,0,0,12,3,5,0,3,4,15,0,0,0,0,0,,,,,,
redwood/AppendixB.txt,SHEARWATER PKWY / MONACO DR,Vehicles,11/28/2006,14:15-14:30,0,0,0,0,24,1,0,0,1,2,24,0,0,0,0,0,,,,,,
redwood/AppendixB.txt,SHEARWATER PKWY / MONACO DR,Vehicles,11/28/2006,14:30-14:45,0,0,0,0,26,4,1,0,7,2,17,0,0,0,0,0,,,,,,
redwood/AppendixB.txt,SHEARWATER PKWY / MONACO DR,Vehicles,11/28/2006,14:45-15:00,0,0,0,0,23,2,2,1,6,5,14,0,0,0,0,0,,,,,,
redwood/AppendixB.txt,SHEARWATER PKWY / MONACO DR,Vehicles,11/14/2006,16:00-16:15,0,0,0,0,31,0,1,0,6,1,25,0,0,0,0,0,,,,,,
redwood/AppendixB.txt,SHEARWATER PKWY / MONACO DR,Vehicles,11/14/2006,16:15-16:30,0,0,0,0,41,4,3,0,6,3,17,0,0,0,0,0,,,,,,
redwood/AppendixB.txt,SHEARWATER PKWY / MONACO DR,Vehicles,11/14/2006,16:30-16:45,0,0,0,0,24,3,1,0,2,3,23,0,0,0,0,0,,,,,,
redwood/AppendixB.txt,SHEARWATER PKWY / MONACO DR,Vehicles,11/14/2006,16:45-17:00,0,0,0,0,29,3,1,0,2,10,28,0,0,0,0,0,,,,,,
redwood/AppendixB.txt,SHEARWATER PKWY / MONACO DR,Vehicles,11/14/2006,17:00-17:15,0,0,0,0,22,0,1,0,3,6,36,0,0,0,0,0,,,,,,
redwood/AppendixB.txt,SHEARWATER PKWY / MONACO DR,Vehicles,11/14/2006,17:15-17:30,0,0,0,0,16,1,1,0,4,5,38,0,0,0,0,0,,,,,,
redwood/AppendixB.txt,SHEARWATER PKWY / MONACO DR,Vehicles,11/14/2006,17:30-17:45,0,0,0,0,27,3,3,0,3,10,51,0,0,0,0,0,,,,,,
redwood/AppendixB.txt,SHEARWATER PKWY / MONACO DR,Vehicles,11/14/2006,17:45-18:00,0,0,0,0,21,1,1,0,1,4,53,0,0,0,0,0,,,,,,
redwood/AppendixB.txt,CANVASBACK WY / SHEARWATER PKWY / ST LUCIA DR,Vehicles,11/14/2006,07:00-07:15,15,3,12,3,32,3,3,1,1,3,11,3,0,0,0,0,,,,,,
redwood/AppendixB.txt,CANVASBACK WY / SHEARWATER PKWY / ST LUCIA DR,Vehicles,11/14/2006,07:15-07:30,16,2,9,1,46,1,1,2,9,1,12,1,0,0,0,0,,,,,,
redwood/AppendixB.txt,CANVASBACK WY / SHEARWATER PKWY / ST LUCIA DR,Vehicles,11/14/2006,07:30-07:45,10,1,8,1,42,4,15,0,10,3,13,6,0,0,0,0,,,,,,
redwood/AppendixB.txt,CANVASBACK WY / SHEARWATER PKWY / ST LUCIA DR,Vehicles,11/14/2006,07:45-08:00,9,0,7,2,54,4,9,0,4,9,26,7,0,0,0,0,,,,,,
redwood/AppendixB.txt,CANVASBACK WY / SHEARWATER PKWY / ST LUCIA DR,Vehicles,11/14/2006,08:00-08:15,11,0,13,1,46,5,11,3,8,2,24,5,0,0,0,0,,,,,,
redwood/AppendixB.txt,CANVASBACK WY / SHEARWATER PKWY / ST LUCIA DR,Vehicles,11/14/2006,08:15-08:30,13,1,19,1,35,3,13,0,15,1,32,4,0,0,0,0,,,,,,
redwood/AppendixB.txt,CANVASBACK WY / SHEARWATER PKWY / ST LUCIA DR,Vehicles,11/14/2006,08:30-08:45,18,2,8,5,42,4,6,4,17,3,34,3,0,0,0,0,,,,,,
redwood/AppendixB.txt,CANVASBACK WY / SHEARWATER PKWY / ST LUCIA DR,Vehicles,11/14/2006,08:45-09:00,21,3,6,3,53,2,10,5,8,3,21,1,0,0,0,0,,,,,,
redwood/AppendixB.txt,CANVASBACK WY / SHEARWATER PKWY / ST LUCIA DR,Vehicles,11/28/2006,13:00-13:15,14,0,3,1,7,0,1,0,0,2,15,13,0,0,0,0,,,,,,
redwood/AppendixB.txt,CANVASBACK WY / SHEARWATER PKWY / ST LUCIA DR,Vehicles,11/28/2006,13:15-13:30,10,0,2,2,7,1,1,0,0,3,11,12,0,0,0,0,,,,,,
redwood/AppendixB.txt,CANVASBACK WY / SHEARWATER PKWY / ST LUCIA DR,Vehicles,11/28/2006,13:30-13:45,9,1,2,4,14,0,3,0,1,1,6,7,0,0,0,0,,,,,,
redwood/AppendixB.txt,CANVASBACK WY / SHEARWATER PKWY / ST LUCIA DR,Vehicles,11/28/2006,13:45-14:00,7,1,3,5,13,0,0,0,0,0,12,8,0,0,0,0,,,,,,
redwood/AppendixB.txt,CANVASBACK WY / SHEARWATER PKWY / ST LUCIA DR,Vehicles,11/28/2006,14:00-14:15,9,0,5,3,5,2,0,1,1,1,15,6,0,0,0,0,,,,,,
redwood/AppendixB.txt,CANVASBACK WY / SHEARWATER PKWY / ST LUCIA DR,Vehicles,11/28/2006,14:15-14:30,13,0,8,3,14,4,2,0,0,2,10,13,0,0,0,0,,,,,,
redwood/AppendixB.txt,CANVASBACK WY / SHEARWATER PKWY / ST LUCIA DR,Vehicles,11/28/2006,14:30-14:45,14,0,5,12,10,2,1,1,6,2,8,5,0,0,0,0,,,,,,
redwood/AppendixB.txt,CANVASBACK WY / SHEARWATER PKWY / ST LUCIA DR,Vehicles,11/28/2006,14:45-15:00,10,2,5,6,11,3,0,1,5,1,11,7,0,0,0,0,,,,,,
redwood/AppendixB.txt,CANVASBACK WY / SHEARWATER PKWY / ST LUCIA DR,Vehicles,11/14/2006,16:00-16:15,5,1,12,12,26,8,4,0,8,6,16,7,0,0,0,0,,,,,,
redwood/AppendixB.txt,CANVASBACK WY / SHEARWATER PKWY / ST LUCIA DR,Vehicles,11/14/2006,16:15-16:30,9,2,15,13,35,2,3,1,7,5,17,2,0,0,0,0,,,,,,
redwood/AppendixB.txt,CANVASBACK WY / SHEARWATER PKWY / ST LUCIA DR,Vehicles,11/14/2006,16:30-16:45,2,0,8,15,29,3,7,1,3,6,22,4,0,0,0,0,,,,,,
redwood/AppendixB.txt,CANVASBACK WY / SHEARWATER PKWY / ST LUCIA DR,Vehicles,11/14/2006,16:45-17:00,9,3,16,11,19,8,1,2,7,7,22,3,0,0,0,0,,,,,,
redwood/AppendixB.txt,CANVASBACK WY / SHEARWATER PKWY / ST LUCIA DR,Vehicles,11/14/2006,17:00-17:15,6,0,3,7,15,6,9,0,4,2,31,3,0,0,0,0,,,,,,
redwood/AppendixB.txt,CANVASBACK WY / SHEARWATER PKWY / ST LUCIA DR,Vehicles,11/14/2006,17:15-17:30,4,4,11,9,16,8,6,4,5,6,29,7,0,0,0,0,,,,,,
redwood/AppendixB.txt,CANVASBACK WY / SHEARWATER PKWY / ST LUCIA DR,Vehicles,11/14/2006,17:30-17:45,3,8,1,5,19,9,7,0,6,5,39,6,0,0,0,0,,,,,,
redwood/AppendixB.txt,CANVASBACK WY / SHEARWATER PKWY / ST LUCIA DR,Vehicles,11/14/2006,17:45-18:00,3,1,19,9,18,10,3,2,8,7,46,5,0,0,0,0,,,,,,
redwood/AppendixB.txt,REDWOOD SHORES PKWY / SHEARWATER PKWY,Vehicles,11/14/2006,07:00-07:15,3,35,0,0,4,4,1,17,4,31,0,9,0,0,0,0,,,,,,
redwood/AppendixB.txt,REDWOOD SHORES PKWY / SHEARWATER PKWY,Vehicles,11/14/2006,07:15-07:30,6,45,2,0,1,6,1,21,12,32,3,5,0,0,0,0,,,,,,
redwood/AppendixB.txt,REDWOOD SHORES PKWY / SHEARWATER PKWY,Vehicles,11/14/2006,07:30-07:45,4,41,1,0,1,5,0,22,12,47,0,4,0,0,0,0,,,,,,
redwood/AppendixB.txt,REDWOOD SHORES PKWY / SHEARWATER PKWY,Vehicles,11/14/2006,07:45-08:00,1,38,0,0,2,4,1,33,23,31,0,12,0,0,0,0,,,,,,
redwood/AppendixB.txt,REDWOOD SHORES PKWY / SHEARWATER PKWY,Vehicles,11/14/2006,08:00-08:15,4,48,0,0,2,4,0,42,29,46,0,5,0,0,0,0,,,,,,
redwood/AppendixB.txt,REDWOOD SHORES PKWY / SHEARWATER PKWY,Vehicles,11/14/2006,08:15-08:30,5,49,0,0,3,4,1,35,30,75,0,7,0,0,0,0,,,,,,
redwood/AppendixB.txt,REDWOOD SHORES PKWY / SHEARWATER PKWY,Vehicles,11/14/2006,08:30-08:45,4,34,0,0,2,3,5,42,16,28,0,5,0,0,0,0,,,,,,
redwood/AppendixB.txt,REDWOOD SHORES PKWY / SHEARWATER PKWY,Vehicles,11/14/2006,08:45-09:00,5,29,0,0,1,3,1,27,12,22,0,4,0,0,0,0,,,,,,
redwood/AppendixB.txt,REDWOOD SHORES PKWY / SHEARWATER PKWY,Vehicles,11/28/2006,13:00-13:15,1,10,2,0,1,1,2,37,17,11,0,3,0,0,0,0,,,,,,
redwood/AppendixB.txt,REDWOOD SHORES PKWY / SHEARWATER PKWY,Vehicles,11/28/2006,13:15-13:30,1,20,0,3,1,4,0,22,13,8,2,2,0,0,0,0,,,,,,
redwood/AppendixB.txt,REDWOOD SHORES PKWY / SHEARWATER PKWY,Vehicles,11/28/2006,13:30-13:45,3,12,2,0,1,1,0,18,13,13,1,2,0,0,0,0,,,,,,
redwood/AppendixB.txt,REDWOOD SHORES PKWY / SHEARWATER PKWY,Vehicles,11/28/2006,13:45-14:00,1,11,0,1,1,1,3,14,15,10,0,4,0,0,0,0,,,,,,
redwood/AppendixB.txt,REDWOOD SHORES PKWY / SHEARWATER PKWY,Vehicles,11/28/2006,14:00-14:15,2,12,0,0,0,2,2,22,17,19,3,2,0,0,0,0,,,,,,
redwood/AppendixB.txt,REDWOOD SHORES PKWY / SHEARWATER PKWY,Vehicles,11/28/2006,14:15-14:30,8,18,0,1,0,2,1,19,23,18,0,3,0,0,0,0,,,,,,
redwood/AppendixB.txt,REDWOOD SHORES PKWY / SHEARWATER PKWY,Vehicles,11/28/2006,14:30-14:45,4,35,0,0,1,2,3,21,27,16,0,4,0,0,0,0,,,,,,
redwood/AppendixB.txt,REDWOOD SHORES PKWY / SHEARWATER PKWY,Vehicles,11/28/2006,14:45-15:00,9,26,1,1,2,0,1,23,19,15,0,3,0,0,0,0,,,,,,
redwood/AppendixB.txt,REDWOOD SHORES PKWY / SHEARWATER PKWY,Vehicles,11/14/2006,16:00-16:15,12,16,0,0,2,1,1,20,24,22,1,1,0,0,0,0,,,,,,
redwood/AppendixB.txt,REDWOOD SHORES PKWY / SHEARWATER PKWY,Vehicles,11/14/2006,16:15-16:30,13,24,0,0,1,1,1,21,27,26,0,2,0,0,0,0,,,,,,
redwood/AppendixB.txt,REDWOOD SHORES PKWY / SHEARWATER PKWY,Vehicles,11/14/2006,16:30-16:45,11,36,0,0,0,1,1,23,29,28,0,2,0,0,0,0,,,,,,
redwood/AppendixB.txt,REDWOOD SHORES PKWY / SHEARWATER PKWY,Vehicles,11/14/2006,16:45-17:00,19,21,0,0,1,0,2,19,22,32,1,3,0,0,0,0,,,,,,
redwood/AppendixB.txt,REDWOOD SHORES PKWY / SHEARWATER PKWY,Vehicles,11/14/2006,17:00-17:15,17,34,0,0,0,0,4,24,28,35,0,2,0,0,0,0,,,,,,
redwood/AppendixB.txt,REDWOOD SHORES PKWY / SHEARWATER PKWY,Vehicles,11/14/2006,17:15-17:30,8,14,0,0,1,0,0,17,23,32,4,1,0,0,0,0,,,,,,
redwood/AppendixB.txt,REDWOOD SHORES PKWY / SHEARWATER PKWY,Vehicles,11/14/2006,17:30-17:45,11,26,0,0,0,2,2,37,39,21,5,8,0,0,0,0,,,,,,
redwood/AppendixB.txt,REDWOOD SHORES PKWY / SHEARWATER PKWY,Vehicles,11/14/2006,17:45-18:00,4,28,0,0,0,0,2,43,27,43,3,11,0,0,0,0,,,,,,
redwood/AppendixB.txt,SHELL PKWY / REDWOOD SHORES PKWY,Vehicles,11/14/2006,07:00-07:15,18,0,0,4,102,0,0,1,3,0,24,11,0,0,0,0,,,,,,
redwood/AppendixB.txt,SHELL PKWY / REDWOOD SHORES PKWY,Vehicles,11/14/2006,07:15-07:30,32,0,5,11,129,0,0,1,6,0,27,4,0,0,0,0,,,,,,
redwood/AppendixB.txt,SHELL PKWY / REDWOOD SHORES PKWY,Vehicles,11/14/2006,07:30-07:45,43,0,3,9,153,1,0,2,5,0,45,6,0,0,0,0,,,,,,
redwood/AppendixB.txt,SHELL PKWY / REDWOOD SHORES PKWY,Vehicles,11/14/2006,07:45-08:00,46,0,6,14,112,0,0,1,4,1,42,8,0,0,0,0,,,,,,
redwood/AppendixB.txt,SHELL PKWY / REDWOOD SHORES PKWY,Vehicles,11/14/2006,08:00-08:15,31,0,16,18,135,0,0,0,6,2,74,12,0,0,0,0,,,,,,
redwood/AppendixB.txt,SHELL PKWY / REDWOOD SHORES PKWY,Vehicles,11/14/2006,08:15-08:30,27,1,24,50,174,0,1,1,2,3,53,10,0,0,0,0,,,,,,
redwood/AppendixB.txt,SHELL PKWY / REDWOOD SHORES PKWY,Vehicles,11/14/2006,08:30-08:45,31,0,1,24,121,1,0,3,6,0,59,12,0,0,0,0,,,,,,
redwood/AppendixB.txt,SHELL PKWY / REDWOOD SHORES PKWY,Vehicles,11/14/2006,08:45-09:00,24,0,2,5,87,1,1,1,1,0,50,16,0,0,0,0,,,,,,
redwood/AppendixB.txt,SHELL PKWY / REDWOOD SHORES PKWY,Vehicles,11/28/2006,13:00-13:15,18,3,1,9,47,0,0,1,1,0,57,19,0,0,0,0,,,,,,
redwood/AppendixB.txt,SHELL PKWY / REDWOOD SHORES PKWY,Vehicles,11/28/2006,13:15-13:30,16,0,7,4,45,0,1,1,6,1,55,18,0,0,0,0,,,,,,
redwood/AppendixB.txt,SHELL PKWY / REDWOOD SHORES PKWY,Vehicles,11/28/2006,13:30-13:45,13,0,3,7,40,0,1,0,1,1,46,18,0,0,0,0,,,,,,
redwood/AppendixB.txt,SHELL PKWY / REDWOOD SHORES PKWY,Vehicles,11/28/2006,13:45-14:00,10,0,2,3,26,0,0,0,0,0,55,10,0,0,0,0,,,,,,
redwood/AppendixB.txt,SHELL PKWY / REDWOOD SHORES PKWY,Vehicles,11/28/2006,14:00-14:15,12,0,5,4,46,1,0,0,2,0,51,13,0,0,0,0,,,,,,
redwood/AppendixB.txt,SHELL PKWY / REDWOOD SHORES PKWY,Vehicles,11/28/2006,14:15-14:30,11,0,10,1,44,0,0,2,0,3,61,21,0,0,0,0,,,,,,
redwood/AppendixB.txt,SHELL PKWY / REDWOOD SHORES PKWY,Vehicles,11/28/2006,14:30-14:45,15,0,10,16,96,1,1,0,1,0,50,11,0,0,0,0,,,,,,
redwood/AppendixB.txt,SHELL PKWY / REDWOOD SHORES PKWY,Vehicles,11/28/2006,14:45-15:00,12,1,7,12,89,0,0,0,1,1,53,9,0,0,0,0,,,,,,
redwood/AppendixB.txt,SHELL PKWY / REDWOOD SHORES PKWY,Vehicles,11/14/2006,16:00-16:15,14,4,9,4,18,1,3,2,3,1,47,9,0,0,0,0,,,,,,
redwood/AppendixB.txt,SHELL PKWY / REDWOOD SHORES PKWY,Vehicles,11/14/2006,16:15-16:30,18,0,10,11,60,2,0,0,4,2,61,23,0,0,0,0,,,,,,
redwood/AppendixB.txt,SHELL PKWY / REDWOOD SHORES PKWY,Vehicles,11/14/2006,16:30-16:45,15,1,5,6,65,0,0,0,1,1,72,29,0,0,0,0,,,,,,
redwood/AppendixB.txt,SHELL PKWY / REDWOOD SHORES PKWY,Vehicles,11/14/2006,16:45-17:00,15,0,5,6,55,0,0,0,0,3,82,29,0,0,0,0,,,,,,
redwood/AppendixB.txt,SHELL PKWY / REDWOOD SHORES PKWY,Vehicles,11/14/2006,17:00-17:15,14,1,8,7,69,0,0,0,3,5,98,40,0,0,0,0,,,,,,
redwood/AppendixB.txt,SHELL PKWY / REDWOOD SHORES PKWY,Vehicles,11/14/2006,17:15-17:30,10,0,17,4,47,2,0,1,1,3,102,38,0,0,0,0,,,,,,
redwood/AppendixB.txt,SHELL PKWY / REDWOOD SHORES PKWY,Vehicles,11/14/2006,17:30-17:45,17,1,15,16,51,0,1,0,5,3,118,32,0,0,0,0,,,,,,
redwood/AppendixB.txt,SHELL PKWY / REDWOOD SHORES PKWY,Vehicles,11/14/2006,17:45-18:00,15,1,12,7,62,0,0,1,1,4,135,47,0,0,0,0,,,,,,
redwood/AppendixB.txt,BRIDGE PKWY / REDWOOD SHORES PKWY,Vehicles,11/14/2006,07:00-07:15,27,1,0,10,156,0,0,4,9,4,40,27,0,0,0,0,,,,,,
redwood/AppendixB.txt,BRIDGE PKWY / REDWOOD SHORES PKWY,Vehicles,11/14/2006,07:15-07:30,15,1,0,20,214,0,0,7,17,3,38,10,0,0,0,0,,,,,,
redwood/AppendixB.txt,BRIDGE PKWY / REDWOOD SHORES PKWY,Vehicles,11/14/2006,07:30-07:45,29,1,3,16,262,1,0,10,19,2,50,12,0,0,0,0,,,,,,
redwood/AppendixB.txt,BRIDGE PKWY / REDWOOD SHORES PKWY,Vehicles,11/14/2006,07:45-08:00,33,0,4,13,274,0,0,1,9,1,47,23,0,0,0,0,,,,,,
redwood/AppendixB.txt,BRIDGE PKWY / REDWOOD SHORES PKWY,Vehicles,11/14/2006,08:00-08:15,32,0,9,11,233,2,4,1,14,7,71,36,0,0,0,0,,,,,,
redwood/AppendixB.txt,BRIDGE PKWY / REDWOOD SHORES PKWY,Vehicles,11/14/2006,08:15-08:30,13,1,0,28,226,3,2,5,16,7,51,22,0,0,0,0,,,,,,
redwood/AppendixB.txt,BRIDGE PKWY / REDWOOD SHORES PKWY,Vehicles,11/14/2006,08:30-08:45,33,0,0,23,191,2,0,2,9,2,64,24,0,0,0,0,,,,,,
redwood/AppendixB.txt,BRIDGE PKWY / REDWOOD SHORES PKWY,Vehicles,11/14/2006,08:45-09:00,26,1,2,7,211,0,0,4,9,4,63,35,0,0,0,0,,,,,,
redwood/AppendixB.txt,BRIDGE PKWY / REDWOOD SHORES PKWY,Vehicles,11/28/2006,13:00-13:15,46,3,5,8,85,1,1,1,7,12,84,60,0,0,0,0,,,,,,
redwood/AppendixB.txt,BRIDGE PKWY / REDWOOD SHORES PKWY,Vehicles,11/28/2006,13:15-13:30,21,3,2,11,62,0,1,6,8,12,94,51,0,0,0,0,,,,,,
redwood/AppendixB.txt,BRIDGE PKWY / REDWOOD SHORES PKWY,Vehicles,11/28/2006,13:30-13:45,25,1,5,33,55,1,1,1,3,9,78,39,0,0,0,0,,,,,,
redwood/AppendixB.txt,BRIDGE PKWY / REDWOOD SHORES PKWY,Vehicles,11/28/2006,13:45-14:00,32,2,7,10,66,0,0,9,5,5,80,35,0,0,0,0,,,,,,
redwood/AppendixB.txt,BRIDGE PKWY / REDWOOD SHORES PKWY,Vehicles,11/28/2006,14:00-14:15,26,1,7,7,71,0,0,1,5,8,89,34,0,0,0,0,,,,,,
redwood/AppendixB.txt,BRIDGE PKWY / REDWOOD SHORES PKWY,Vehicles,11/28/2006,14:15-14:30,30,4,15,11,66,0,1,3,3,4,81,34,0,0,0,0,,,,,,
redwood/AppendixB.txt,BRIDGE PKWY / REDWOOD SHORES PKWY,Vehicles,11/28/2006,14:30-14:45,14,2,7,15,86,1,1,1,11,8,97,23,0,0,0,0,,,,,,
redwood/AppendixB.txt,BRIDGE PKWY / REDWOOD SHORES PKWY,Vehicles,11/28/2006,14:45-15:00,13,4,7,20,94,2,3,6,3,9,81,29,0,0,0,0,,,,,,
redwood/AppendixB.txt,BRIDGE PKWY / REDWOOD SHORES PKWY,Vehicles,11/14/2006,16:00-16:15,9,1,0,5,34,2,2,0,2,20,102,25,0,0,0,0,,,,,,
redwood/AppendixB.txt,BRIDGE PKWY / REDWOOD SHORES PKWY,Vehicles,11/14/2006,16:15-16:30,19,2,2,9,88,2,0,1,8,18,129,31,0,0,0,0,,,,,,
redwood/AppendixB.txt,BRIDGE PKWY / REDWOOD SHORES PKWY,Vehicles,11/14/2006,16:30-16:45,14,1,1,10,82,1,0,4,12,25,129,34,0,0,0,0,,,,,,
redwood/AppendixB.txt,BRIDGE PKWY / REDWOOD SHORES PKWY,Vehicles,11/14/2006,16:45-17:00,27,3,6,5,78,1,0,3,4,20,122,49,0,0,0,0,,,,,,
redwood/AppendixB.txt,BRIDGE PKWY / REDWOOD SHORES PKWY,Vehicles,11/14/2006,17:00-17:15,29,3,5,8,90,1,0,2,11,22,170,58,0,0,0,0,,,,,,
redwood/AppendixB.txt,BRIDGE PKWY / REDWOOD SHORES PKWY,Vehicles,11/14/2006,17:15-17:30,18,1,8,6,79,1,2,1,9,22,172,57,0,0,0,0,,,,,,
redwood/AppendixB.txt,BRIDGE PKWY / REDWOOD SHORES PKWY,Vehicles,11/14/2006,17:30-17:45,22,1,11,10,78,0,0,2,4,22,191,45,0,0,0,0,,,,,,
redwood/AppendixB.txt,BRIDGE PKWY / REDWOOD SHORES PKWY,Vehicles,11/14/2006,17:45-18:00,28,6,12,7,74,0,1,4,2,21,198,61,0,0,0,0,,,,,,
redwood/AppendixB.txt,TWIN DOLPHIN DR / REDWOOD SHORES PKWY,Vehicles,11/16/2006,07:00-07:15,14,0,2,5,188,5,3,1,9,9,128,59,0,0,0,0,,,,,,
redwood/AppendixB.txt,TWIN DOLPHIN DR / REDWOOD SHORES PKWY,Vehicles,11/16/2006,07:15-07:30,10,0,7,4,250,4,3,3,7,17,143,85,0,0,0,0,,,,,,
redwood/AppendixB.txt,TWIN DOLPHIN DR / REDWOOD SHORES PKWY,Vehicles,11/16/2006,07:30-07:45,9,0,9,10,309,4,2,1,12,14,169,76,0,0,0,0,,,,,,
redwood/AppendixB.txt,TWIN DOLPHIN DR / REDWOOD SHORES PKWY,Vehicles,11/16/2006,07:45-08:00,14,2,8,15,304,11,5,9,10,18,206,119,0,0,0,0,,,,,,
redwood/AppendixB.txt,TWIN DOLPHIN DR / REDWOOD SHORES PKWY,Vehicles,11/16/2006,08:00-08:15,12,0,6,20,255,10,6,6,9,25,245,140,0,0,0,0,,,,,,
redwood/AppendixB.txt,TWIN DOLPHIN DR / REDWOOD SHORES PKWY,Vehicles,11/16/2006,08:15-08:30,9,1,8,17,251,8,2,2,13,27,252,135,0,0,0,0,,,,,,
redwood/AppendixB.txt,TWIN DOLPHIN DR / REDWOOD SHORES PKWY,Vehicles,11/16/2006,08:30-08:45,21,1,7,15,243,4,13,9,26,47,272,129,0,0,0,0,,,,,,
redwood/AppendixB.txt,TWIN DOLPHIN DR / REDWOOD SHORES PKWY,Vehicles,11/16/2006,08:45-09:00,16,3,8,16,239,9,7,8,16,28,309,202,0,0,0,0,,,,,,
redwood/AppendixB.txt,TWIN DOLPHIN DR / REDWOOD SHORES PKWY,Vehicles,11/28/2006,13:00-13:15,46,1,18,24,236,6,3,0,8,11,202,78,0,0,0,0,,,,,,
redwood/AppendixB.txt,TWIN DOLPHIN DR / REDWOOD SHORES PKWY,Vehicles,11/28/2006,13:15-13:30,44,1,17,28,163,5,4,2,17,10,193,63,0,0,0,0,,,,,,
redwood/AppendixB.txt,TWIN DOLPHIN DR / REDWOOD SHORES PKWY,Vehicles,11/28/2006,13:30-13:45,40,0,16,19,198,1,0,1,9,8,182,60,0,0,0,0,,,,,,
redwood/AppendixB.txt,TWIN DOLPHIN DR / REDWOOD SHORES PKWY,Vehicles,11/28/2006,13:45-14:00,40,5,13,29,148,3,6,1,8,11,176,63,0,0,0,0,,,,,,
redwood/AppendixB.txt,TWIN DOLPHIN DR / REDWOOD SHORES PKWY,Vehicles,11/28/2006,14:00-14:15,36,0,9,15,180,1,3,2,11,14,165,61,0,0,0,0,,,,,,
redwood/AppendixB.txt,TWIN DOLPHIN DR / REDWOOD SHORES PKWY,Vehicles,11/28/2006,14:15-14:30,39,0,13,16,159,1,4,3,6,5,172,45,0,0,0,0,,,,,,
redwood/AppendixB.txt,TWIN DOLPHIN DR / REDWOOD SHORES PKWY,Vehicles,11/28/2006,14:30-14:45,45,4,6,13,192,6,8,2,11,5,161,46,0,0,0,0,,,,,,
redwood/AppendixB.txt,TWIN DOLPHIN DR / REDWOOD SHORES PKWY,Vehicles,11/28/2006,14:45-15:00,49,4,16,14,173,4,2,0,11,13,183,36,0,0,0,0,,,,,,
redwood/AppendixB.txt,TWIN DOLPHIN DR / REDWOOD SHORES PKWY,Vehicles,11/14/2006,16:00-16:15,72,2,11,2,209,5,1,2,18,6,201,29,0,0,0,0,,,,,,
redwood/AppendixB.txt,TWIN DOLPHIN DR / REDWOOD SHORES PKWY,Vehicles,11/14/2006,16:15-16:30,72,4,11,8,200,7,4,1,16,12,202,27,0,0,0,0,,,,,,
redwood/AppendixB.txt,TWIN DOLPHIN DR / REDWOOD SHORES PKWY,Vehicles,11/14/2006,16:30-16:45,112,4,19,7,244,4,7,6,11,13,215,28,0,0,0,0,,,,,,
redwood/AppendixB.txt,TWIN DOLPHIN DR / REDWOOD SHORES PKWY,Vehicles,11/14/2006,16:45-17:00,98,9,22,11,234,7,3,2,14,13,228,18,0,0,0,0,,,,,,
redwood/AppendixB.txt,TWIN DOLPHIN DR / REDWOOD SHORES PKWY,Vehicles,11/14/2006,17:00-17:15,166,6,19,4,254,8,10,1,14,16,268,17,0,0,0,0,,,,,,
redwood/AppendixB.txt,TWIN DOLPHIN DR / REDWOOD SHORES PKWY,Vehicles,11/14/2006,17:15-17:30,140,6,12,4,277,5,8,5,14,22,264,19,0,0,0,0,,,,,,
redwood/AppendixB.txt,TWIN DOLPHIN DR / REDWOOD SHORES PKWY,Vehicles,11/14/2006,17:30-17:45,120,3,9,8,269,2,10,4,15,24,311,23,0,0,0,0,,,,,,
redwood/AppendixB.txt,TWIN DOLPHIN DR / REDWOOD SHORES PKWY,Vehicles,11/14/2006,17:45-18:00,100,3,22,8,232,4,7,3,7,16,281,33,0,0,0,0,,,,,,
redwood/AppendixB.txt,ORACLE PKWY / MARINE PKWY,Vehicles,3/22/2007,07:00-07:15,24,0,3,10,167,0,1,0,8,16,109,27,0,0,0,0,,,,,,
redwood/AppendixB.txt,ORACLE PKWY / MARINE PKWY,Vehicles,3/22/2007,07:15-07:30,6,0,4,3,224,3,1,1,13,24,202,36,0,0,0,0,,,,,,
redwood/AppendixB.txt,ORACLE PKWY / MARINE PKWY,Vehicles,3/22/2007,07:30-07:45,15,0,3,3,289,2,1,0,14,32,233,65,0,0,0,0,,,,,,
redwood/AppendixB.txt,ORACLE PKWY / MARINE PKWY,Vehicles,3/22/2007,07:45-08:00,8,0,9,6,286,1,1,1,16,37,364,87,0,0,0,0,,,,,,
redwood/AppendixB.txt,ORACLE PKWY / MARINE PKWY,Vehicles,3/22/2007,08:00-08:15,10,0,7,10,275,0,2,1,13,23,364,75,0,0,0,0,,,,,,
redwood/AppendixB.txt,ORACLE PKWY / MARINE PKWY,Vehicles,3/22/2007,08:15-08:30,9,0,1,13,231,2,1,0,17,26,426,80,0,0,0,0,,,,,,
redwood/AppendixB.txt,ORACLE PKWY / MARINE PKWY,Vehicles,3/22/2007,08:30-08:45,15,0,6,11,300,0,3,0,19,25,458,129,0,0,0,0,,,,,,
redwood/AppendixB.txt,ORACLE PKWY / MARINE PKWY,Vehicles,3/22/2007,08:45-09:00,10,0,5,7,213,1,1,1,17,39,394,202,0,0,0,0,,,,,,
redwood/AppendixB.txt,ORACLE PKWY / MARINE PKWY / SHOREWAY RD,Vehicles,8/23/2007,13:00-13:15,31,4,8,5,240,12,4,3,38,28,250,41,0,0,0,0,,,,,,
redwood/AppendixB.txt,ORACLE PKWY / MARINE PKWY / SHOREWAY RD,Vehicles,8/23/2007,13:15-13:30,26,0,5,6,207,4,5,0,31,31,242,52,0,0,0,0,,,,,,
redwood/AppendixB.txt,ORACLE PKWY / MARINE PKWY / SHOREWAY RD,Vehicles,8/23/2007,13:30-13:45,35,1,2,2,199,5,6,1,35,26,264,56,0,0,0,0,,,,,,
redwood/AppendixB.txt,ORACLE PKWY / MARINE PKWY / SHOREWAY RD,Vehicles,8/23/2007,13:45-14:00,45,1,2,3,154,4,4,0,32,27,224,54,0,0,0,0,,,,,,
redwood/AppendixB.txt,ORACLE PKWY / MARINE PKWY / SHOREWAY RD,Vehicles,8/23/2007,14:00-14:15,42,0,2,2,186,2,4,0,27,18,234,35,0,0,0,0,,,,,,
redwood/AppendixB.txt,ORACLE PKWY / MARINE PKWY / SHOREWAY RD,Vehicles,8/23/2007,14:15-14:30,40,2,7,6,195,3,6,0,22,19,210,38,0,0,0,0,,,,,,
redwood/AppendixB.txt,ORACLE PKWY / MARINE PKWY / SHOREWAY RD,Vehicles,8/23/2007,14:30-14:45,45,2,5,4,185,0,7,2,19,19,215,36,0,0,0,0,,,,,,
redwood/AppendixB.txt,ORACLE PKWY / MARINE PKWY / SHOREWAY RD,Vehicles,8/23/2007,14:45-15:00,41,3,8,6,173,1,6,0,24,16,198,33,0,0,0,0,,,,,,
redwood/AppendixB.txt,ORACLE PKWY / MARINE PKWY,Vehicles,3/22/2007,16:30-16:45,113,74,2,4,475,2,0,1,18,0,141,12,0,0,0,0,,,,,,
redwood/AppendixB.txt,ORACLE PKWY / MARINE PKWY,Vehicles,3/22/2007,16:45-17:00,128,2,4,1,475,2,2,0,52,10,228,16,0,0,0,0,,,,,,
redwood/AppendixB.txt,ORACLE PKWY / MARINE PKWY,Vehicles,3/22/2007,17:00-17:15,153,11,4,3,613,2,5,1,64,2,131,19,0,0,0,0,,,,,,
redwood/AppendixB.txt,ORACLE PKWY / MARINE PKWY,Vehicles,3/22/2007,17:15-17:30,139,16,6,4,596,3,2,2,61,8,155,16,0,0,0,0,,,,,,
redwood/AppendixB.txt,ORACLE PKWY / MARINE PKWY,Vehicles,3/22/2007,17:30-17:45,153,7,3,10,463,9,7,0,98,2,206,47,0,0,0,0,,,,,,
redwood/AppendixB.txt,ORACLE PKWY / MARINE PKWY,Vehicles,3/22/2007,17:45-18:00,137,4,4,3,396,0,1,1,55,3,167,46,0,0,0,0,,,,,,
redwood/AppendixB.txt,ORACLE PKWY / MARINE PKWY,Vehicles,3/22/2007,18:00-18:15,143,6,10,1,529,2,2,0,45,2,166,53,0,0,0,0,,,,,,
redwood/AppendixB.txt,ORACLE PKWY / MARINE PKWY,Vehicles,3/22/2007,18:15-18:30,174,10,1,2,475,1,12,2,32,0,184,9,0,0,0,0,,,,,,
redwood/Draft EIR - Appendix C.txt,CONNECTICUT / CHURCH ENTRANCE,Unshifted,5/30/2012,07:00-07:15,0,1,0,0,0,0,0,0,0,0,0,0,1,0,0,0,,,,,,
redwood/Draft EIR - Appendix C.txt,CONNECTICUT / CHURCH ENTRANCE,Unshifted,5/30/2012,07:15-07:30,0,2,0,0,0,0,0,3,0,0,0,0,0,0,0,0,,,,,,
redwood/Draft EIR - Appendix C.txt,CONNECTICUT / CHURCH ENTRANCE,Unshifted,5/30/2012,07:30-07:45,0,5,0,0,0,0,0,3,0,0,0,0,0,0,0,0,,,,,,
redwood/Draft EIR - Appendix C.txt,CONNECTICUT / CHURCH ENTRANCE,Unshifted,5/30/2012,07:45-08:00,0,11,0,0,0,0,0,9,0,0,0,0,0,0,0,0,,,,,,
redwood/Draft EIR - Appendix C.txt,CONNECTICUT / CHURCH ENTRANCE,Unshifted,5/30/2012,08:00-08:15,0,32,1,0,0,0,0,4,0,0,0,0,0,0,0,0,,,,,,
redwood/Draft EIR - Appendix C.txt,CONNECTICUT / CHURCH ENTRANCE,Unshifted,5/30/2012,08:15-08:30,0,9,2,1,0,0,3,7,0,0,0,0,0,0,0,0,,,,,,
redwood/Draft EIR - Appendix C.txt,CONNECTICUT / CHURCH ENTRANCE,Unshifted,5/30/2012,08:30-08:45,0,8,0,0,0,1,1,8,0,0,0,0,0,0,0,0,,,,,,
redwood/Draft EIR - Appendix C.txt,CONNECTICUT / CHURCH ENTRANCE,Unshifted,5/30/2012,08:45-09:00,0,4,0,0,0,0,0,5,0,0,0,0,0,0,0,0,,,,,,
redwood/Draft EIR - Appendix C.txt,CONNECTICUT DR / CHURCH ENTRANCE,Unshifted,5/30/2012,14:00-14:15,0,15,0,0,0,0,0,8,0,0,0,0,1,0,0,0,,,,,,
redwood/Draft EIR - Appendix C.txt,CONNECTICUT DR / CHURCH ENTRANCE,Unshifted,5/30/2012,14:15-14:30,0,5,0,0,0,0,0,6,0,0,0,0,0,0,0,0,,,,,,
redwood/Draft EIR - Appendix C.txt,CONNECTICUT DR / CHURCH ENTRANCE,Unshifted,5/30/2012,14:30-14:45,0,4,0,0,0,0,0,3,0,0,0,0,0,0,0,0,,,,,,
redwood/Draft EIR - Appendix C.txt,CONNECTICUT DR / CHURCH ENTRANCE,Unshifted,5/30/2012,14:45-15:00,0,11,0,0,0,0,0,4,0,0,0,0,0,0,0,0,,,,,,
redwood/Draft EIR - Appendix C.txt,CONNECTICUT DR / CHURCH ENTRANCE,Unshifted,5/30/2012,15:00-15:15,0,6,0,0,0,0,0,4,0,0,0,0,0,0,0,0,,,,,,
redwood/Draft EIR - Appendix C.txt,CONNECTICUT DR / CHURCH ENTRANCE,Unshifted,5/30/2012,15:15-15:30,0,5,0,0,0,0,0,9,0,0,0,0,0,0,0,0,,,,,,
redwood/Draft EIR - Appendix C.txt,CONNECTICUT DR / CHURCH ENTRANCE,Unshifted,5/30/2012,15:30-15:45,0,9,1,0,0,0,0,4,0,0,0,0,0,0,0,0,,,,,,
redwood/Draft EIR - Appendix C.txt,CONNECTICUT DR / CHURCH ENTRANCE,Unshifted,5/30/2012,15:45-16:00,0,23,0,0,0,0,1,8,0,0,0,0,0,0,0,0,,,,,,
redwood/Draft EIR - Appendix C.txt,Connecticut / Church Lot,Unshifted,5/30/2012,16:00-16:15,0,14,0,0,0,0,0,3,0,0,0,0,0,0,0,0,,,,,,
redwood/Draft EIR - Appendix C.txt,Connecticut / Church Lot,Unshifted,5/30/2012,16:15-16:30,0,17,0,0,0,0,0,5,0,0,0,0,0,0,0,0,,,,,,
redwood/Draft EIR - Appendix C.txt,Connecticut / Church Lot,Unshifted,5/30/2012,16:30-16:45,0,2,0,0,0,0,0,5,0,0,0,0,0,0,0,0,,,,,,
redwood/Draft EIR - Appendix C.txt,Connecticut / Church Lot,Unshifted,5/30/2012,16:45-17:00,0,3,0,0,0,0,0,5,0,0,0,0,0,0,0,0,,,,,,
redwood/Draft EIR - Appendix C.txt,Connecticut / Church Lot,Unshifted,5/30/2012,17:00-17:15,0,1,2,0,0,0,0,4,0,0,0,0,0,0,0,0,,,,,,
redwood/Draft EIR - Appendix C.txt,Connecticut / Church Lot,Unshifted,5/30/2012,17:15-17:30,0,1,3,1,0,2,1,2,0,0,0,0,0,0,0,0,,,,,,
redwood/Draft EIR - Appendix C.txt,Connecticut / Church Lot,Unshifted,5/30/2012,17:30-17:45,0,4,1,0,0,4,0,5,0,0,0,0,0,0,0,0,,,,,,
redwood/Draft EIR - Appendix C.txt,Connecticut / Church Lot,Unshifted,5/30/2012,17:45-18:00,0,4,0,1,0,0,0,8,0,0,0,0,0,0,0,0,,,,,,
redwood/Draft EIR - Appendix C.txt,EUCLID / MCGARVEY,Unshifted,5/24/2012,07:00-07:15,1,0,0,0,12,0,0,0,0,0,7,1,0,0,0,0,,,,,,
redwood/Draft EIR - Appendix C.txt,EUCLID / MCGARVEY,Unshifted,5/24/2012,07:15-07:30,1,0,1,1,33,0,0,0,0,0,14,1,0,0,0,0,,,,,,
redwood/Draft EIR - Appendix C.txt,EUCLID / MCGARVEY,Unshifted,5/24/2012,07:30-07:45,14,1,3,1,37,0,0,1,0,0,15,3,0,0,0,0,,,,,,
redwood/Draft EIR - Appendix C.txt,EUCLID / MCGARVEY,Unshifted,5/24/2012,07:45-08:00,29,0,3,5,89,0,0,0,0,0,30,5,0,0,0,0,,,,,,
redwood/Draft EIR - Appendix C.txt,EUCLID / MCGARVEY,Unshifted,5/24/2012,08:00-08:15,14,0,1,0,59,0,1,0,0,1,31,10,0,0,0,0,,,,,,
redwood/Draft EIR - Appendix C.txt,EUCLID / MCGARVEY,Unshifted,5/24/2012,08:15-08:30,12,0,0,2,27,0,2,0,0,0,29,3,0,0,0,0,,,,,,
redwood/Draft EIR - Appendix C.txt,EUCLID / MCGARVEY,Unshifted,5/24/2012,08:30-08:45,7,0,0,0,34,1,1,0,0,0,28,3,0,0,0,0,,,,,,
redwood/Draft EIR - Appendix C.txt,EUCLID / MCGARVEY,Unshifted,5/24/2012,08:45-09:00,5,0,1,2,31,0,0,0,0,0,23,9,0,0,0,0,,,,,,
redwood/Draft EIR - Appendix C.txt,EUCLID / MCGARVEY,Unshifted,5/24/2012,14:00-14:15,14,2,1,0,19,0,0,1,0,0,23,7,0,0,0,0,,,,,,
redwood/Draft EIR - Appendix C.txt,EUCLID / MCGARVEY,Unshifted,5/24/2012,14:15-14:30,9,1,1,0,20,1,0,0,0,0,16,5,0,0,0,0,,,,,,
redwood/Draft EIR - Appendix C.txt,EUCLID / MCGARVEY,Unshifted,5/24/2012,14:30-14:45,8,0,1,1,23,0,0,0,0,0,17,7,0,0,0,0,,,,,,
redwood/Draft EIR - Appendix C.txt,EUCLID / MCGARVEY,Unshifted,5/24/2012,14:45-15:00,4,0,0,3,26,0,1,0,0,0,23,3,0,0,0,0,,,,,,
redwood/Draft EIR - Appendix C.txt,EUCLID / MCGARVEY,Unshifted,5/24/2012,15:00-15:15,11,1,2,2,28,0,1,1,0,0,21,7,0,0,0,0,,,,,,
redwood/Draft EIR - Appendix C.txt,EUCLID / MCGARVEY,Unshifted,5/24/2012,15:15-15:30,10,0,2,3,23,0,0,0,0,0,23,4,0,0,0,0,,,,,,
redwood/Draft EIR - Appendix C.txt,EUCLID / MCGARVEY,Unshifted,5/24/2012,15:30-15:45,10,0,0,1,31,0,0,0,0,0,23,8,0,0,0,0,,,,,,
redwood/Draft EIR - Appendix C.txt,EUCLID / MCGARVEY,Unshifted,5/24/2012,15:45-16:00,15,0,0,0,38,0,0,1,0,0,26,9,0,0,0,0,,,,,,
redwood/Draft EIR - Appendix C.txt,Euclid / McGarvey,Class 1,5/24/2012,16:00-16:15,11,0,1,2,34,0,0,0,0,0,25,5,,,,,,,,,,,Eastbound:Other:0,Northbound:Other:0,Southbound:Other:0,Westbound:Other:0
redwood/Draft EIR - Appendix C.txt,Euclid / McGarvey,Class 1,5/24/2012,16:15-16:30,12,0,0,3,35,0,0,1,0,1,37,9,,,,,,,,,,,Eastbound:Other:0,Northbound:Other:0,Southbound:Other:0,Westbound:Other:0
redwood/Draft EIR - Appendix C.txt,Euclid / McGarvey,Class 1,5/24/2012,16:30-16:45,8,0,2,1,34,0,0,0,0,0,28,9,,,,,,,,,,,Eastbound:Other:0,Northbound:Other:0,Southbound:Other:0,Westbound:Other:0
redwood/Draft EIR - Appendix C.txt,Euclid / McGarvey,Class 1,5/24/2012,16:45-17:00,13,0,0,2,27,0,0,0,0,0,25,12,,,,,,,,,,,Eastbound:Other:0,Northbound:Other:0,Southbound:Other:0,Westbound:Other:0
redwood/Draft EIR - Appendix C.txt,Euclid / McGarvey,Class 1,5/24/2012,17:00-17:15,12,0,0,2,35,0,0,0,0,0,30,8,,,,,,,,,,,Eastbound:Other:0,Northbound:Other:0,Southbound:Other:0,Westbound:Other:0
redwood/Draft EIR - Appendix C.txt,Euclid / McGarvey,Class 1,5/24/2012,17:15-17:30,8,0,1,3,40,0,0,0,1,0,29,10,,,,,,,,,,,Eastbound:Other:0,Northbound:Other:0,Southbound:Other:0,Westbound:Other:0
redwood/Draft EIR - Appendix C.txt,Euclid / McGarvey,Class 1,5/24/2012,17:30-17:45,8,1,0,2,48,6,1,1,0,0,26,10,,,,,,,,,,,Eastbound:Other:0,Northbound:Other:0,Southbound:Other:0,Westbound:Other:0
redwood/Draft EIR - Appendix C.txt,Euclid / McGarvey,Class 1,5/24/2012,17:45-18:00,12,0,0,2,39,0,0,0,0,0,31,8,,,,,,,,,,,Eastbound:Other:0,Northbound:Other:0,Southbound:Other:0,Westbound:Other:0
redwood/Draft EIR - Appendix C.txt,CONNECTICUT / MCGARVEY,Unshifted,5/23/2012,07:00-07:15,0,0,0,0,20,0,2,0,1,0,10,0,0,0,0,0,,,,,,
redwood/Draft EIR - Appendix C.txt,CONNECTICUT / MCGARVEY,Unshifted,5/23/2012,07:15-07:30,0,0,0,0,33,1,3,0,2,1,15,0,0,0,0,0,,,,,,
redwood/Draft EIR - Appendix C.txt,CONNECTICUT / MCGARVEY,Unshifted,5/23/2012,07:30-07:45,0,0,0,0,47,5,6,0,0,2,25,0,0,0,0,0,,,,,,
redwood/Draft EIR - Appendix C.txt,CONNECTICUT / MCGARVEY,Unshifted,5/23/2012,07:45-08:00,0,0,0,0,56,3,7,0,1,1,40,0,0,0,0,0,,,,,,
redwood/Draft EIR - Appendix C.txt,CONNECTICUT / MCGARVEY,Unshifted,5/23/2012,08:00-08:15,0,0,0,0,58,34,7,0,2,1,35,0,0,0,0,0,,,,,,
redwood/Draft EIR - Appendix C.txt,CONNECTICUT / MCGARVEY,Unshifted,5/23/2012,08:15-08:30,0,0,0,0,38,7,6,0,2,1,35,0,0,0,0,0,,,,,,
redwood/Draft EIR - Appendix C.txt,CONNECTICUT / MCGARVEY,Unshifted,5/23/2012,08:30-08:45,0,0,0,0,30,11,6,0,3,2,17,0,0,0,0,0,,,,,,
redwood/Draft EIR - Appendix C.txt,CONNECTICUT / MCGARVEY,Unshifted,5/23/2012,08:45-09:00,0,0,0,0,29,6,3,0,1,1,24,0,0,0,0,0,,,,,,
redwood/Draft EIR - Appendix C.txt,CONNECTICUT / MCGARVEY,Unshifted,5/30/2012,14:00-14:15,0,0,0,0,34,10,5,0,4,2,23,0,0,0,0,0,,,,,,
redwood/Draft EIR - Appendix C.txt,CONNECTICUT / MCGARVEY,Unshifted,5/30/2012,14:15-14:30,0,0,0,0,29,8,2,0,4,3,17,0,0,0,0,0,,,,,,
redwood/Draft EIR - Appendix C.txt,CONNECTICUT / MCGARVEY,Unshifted,5/30/2012,14:30-14:45,0,0,0,0,28,2,2,0,1,2,16,0,0,0,0,0,,,,,,
redwood/Draft EIR - Appendix C.txt,CONNECTICUT / MCGARVEY,Unshifted,5/30/2012,14:45-15:00,0,0,0,0,22,8,4,0,1,4,30,0,0,0,0,0,,,,,,
redwood/Draft EIR - Appendix C.txt,CONNECTICUT / MCGARVEY,Unshifted,5/30/2012,15:00-15:15,0,0,0,0,49,8,7,0,0,0,40,0,0,0,0,0,,,,,,
redwood/Draft EIR - Appendix C.txt,CONNECTICUT / MCGARVEY,Unshifted,5/30/2012,15:15-15:30,0,0,0,0,28,5,3,0,4,1,25,0,0,0,0,0,,,,,,
redwood/Draft EIR - Appendix C.txt,CONNECTICUT / MCGARVEY,Unshifted,5/30/2012,15:30-15:45,0,0,0,0,27,9,5,0,2,4,27,0,0,0,0,0,,,,,,
redwood/Draft EIR - Appendix C.txt,CONNECTICUT / MCGARVEY,Unshifted,5/30/2012,15:45-16:00,0,0,0,0,30,21,4,0,3,2,22,0,0,0,0,0,,,,,,
redwood/Draft EIR - Appendix C.txt,Connecticut / McGarvey,Unshifted,5/30/2012,16:00-16:15,0,0,0,0,32,9,0,0,2,1,14,0,0,0,0,0,,,,,,
redwood/Draft EIR - Appendix C.txt,Connecticut / McGarvey,Unshifted,5/30/2012,16:15-16:30,0,0,0,0,32,16,4,0,3,3,36,0,0,0,0,0,,,,,,
redwood/Draft EIR - Appendix C.txt,Connecticut / McGarvey,Unshifted,5/30/2012,16:30-16:45,0,0,0,0,39,2,2,0,1,1,37,0,0,0,0,0,,,,,,
redwood/Draft EIR - Appendix C.txt,Connecticut / McGarvey,Unshifted,5/30/2012,16:45-17:00,0,0,0,0,43,4,2,0,4,0,37,0,0,0,0,0,,,,,,
redwood/Draft EIR - Appendix C.txt,Connecticut / McGarvey,Unshifted,5/30/2012,17:00-17:15,0,0,0,0,44,3,3,0,2,1,26,0,0,0,0,0,,,,,,
redwood/Draft EIR - Appendix C.txt,Connecticut / McGarvey,Unshifted,5/30/2012,17:15-17:30,0,0,0,0,35,2,5,0,1,4,39,0,0,0,0,0,,,,,,
redwood/Draft EIR - Appendix C.txt,Connecticut / McGarvey,Unshifted,5/30/2012,17:30-17:45,0,0,0,2,44,3,3,0,2,4,43,0,0,0,0,0,,,,,,
redwood/Draft EIR - Appendix C.txt,Connecticut / McGarvey,Unshifted,5/30/2012,17:45-18:00,0,0,0,0,42,1,4,0,6,2,32,0,0,0,0,0,,,,,,
redwood/Draft EIR - Appendix C.txt,ROOSEVELT AVE / MCGARVEY AVE,Unshifted,5/24/2012,07:00-07:15,5,15,1,3,7,1,4,19,1,0,3,2,0,0,0,0,,,,,,
redwood/Draft EIR - Appendix C.txt,ROOSEVELT AVE / MCGARVEY AVE,Unshifted,5/24/2012,07:15-07:30,15,32,1,2,13,5,1,27,1,2,11,4,0,0,0,0,,,,,,
redwood/Draft EIR - Appendix C.txt,ROOSEVELT AVE / MCGARVEY AVE,Unshifted,5/24/2012,07:30-07:45,17,69,2,3,18,1,1,40,0,1,12,2,0,0,0,0,,,,,,
redwood/Draft EIR - Appendix C.txt,ROOSEVELT AVE / MCGARVEY AVE,Unshifted,5/24/2012,07:45-08:00,44,70,3,2,36,11,4,51,2,1,20,7,0,0,0,0,,,,,,
redwood/Draft EIR - Appendix C.txt,ROOSEVELT AVE / MCGARVEY AVE,Unshifted,5/24/2012,08:00-08:15,43,93,2,3,33,17,14,95,0,1,21,16,0,0,0,0,,,,,,
redwood/Draft EIR - Appendix C.txt,ROOSEVELT AVE / MCGARVEY AVE,Unshifted,5/24/2012,08:15-08:30,16,71,3,4,15,3,6,92,2,3,16,12,0,0,0,0,,,,,,
redwood/Draft EIR - Appendix C.txt,ROOSEVELT AVE / MCGARVEY AVE,Unshifted,5/24/2012,08:30-08:45,17,33,2,3,13,1,5,46,1,1,13,12,0,0,0,0,,,,,,
redwood/Draft EIR - Appendix C.txt,ROOSEVELT AVE / MCGARVEY AVE,Unshifted,5/24/2012,08:45-09:00,18,33,1,1,14,2,2,36,3,1,10,11,0,0,0,0,,,,,,
redwood/Draft EIR - Appendix C.txt,ROOSEVELT AVE / MCGARVEY AVE,Unshifted,5/24/2012,14:00-14:15,14,29,3,1,6,2,3,49,0,1,13,11,0,0,0,0,,,,,,
redwood/Draft EIR - Appendix C.txt,ROOSEVELT AVE / MCGARVEY AVE,Unshifted,5/24/2012,14:15-14:30,8,37,1,3,14,1,4,33,0,1,9,8,0,0,0,0,,,,,,
redwood/Draft EIR - Appendix C.txt,ROOSEVELT AVE / MCGARVEY AVE,Unshifted,5/24/2012,14:30-14:45,13,31,2,1,9,2,5,38,2,2,8,9,0,0,0,0,,,,,,
redwood/Draft EIR - Appendix C.txt,ROOSEVELT AVE / MCGARVEY AVE,Unshifted,5/24/2012,14:45-15:00,15,37,0,4,14,4,2,24,3,0,10,14,0,0,0,0,,,,,,
redwood/Draft EIR - Appendix C.txt,ROOSEVELT AVE / MCGARVEY AVE,Unshifted,5/24/2012,15:00-15:15,11,47,3,4,14,3,3,37,3,2,11,11,0,0,0,0,,,,,,
redwood/Draft EIR - Appendix C.txt,ROOSEVELT AVE / MCGARVEY AVE,Unshifted,5/24/2012,15:15-15:30,17,33,2,5,9,2,3,51,1,1,14,10,0,0,0,0,,,,,,
redwood/Draft EIR - Appendix C.txt,ROOSEVELT AVE / MCGARVEY AVE,Unshifted,5/24/2012,15:30-15:45,15,37,3,3,15,2,3,52,2,0,12,8,0,0,0,0,,,,,,
redwood/Draft EIR - Appendix C.txt,ROOSEVELT AVE / MCGARVEY AVE,Unshifted,5/24/2012,15:45-16:00,23,34,5,2,14,0,13,34,1,1,11,15,0,0,1,0,,,,,,
redwood/Draft EIR - Appendix C.txt,Roosevelt / McGarvey,Class 1,5/24/2012,16:00-16:15,22,33,3,1,10,2,6,41,3,3,14,8,,,,,,,,,,,Eastbound:Other:0,Northbound:Other:0,Southbound:Other:0,Westbound:Other:0
redwood/Draft EIR - Appendix C.txt,Roosevelt / McGarvey,Class 1,5/24/2012,16:15-16:30,21,36,5,0,14,2,5,42,2,1,16,21,,,,,,,,,,,Eastbound:Other:0,Northbound:Other:0,Southbound:Other:0,Westbound:Other:0
redwood/Draft EIR - Appendix C.txt,Roosevelt / McGarvey,Class 1,5/24/2012,16:30-16:45,20,25,2,3,17,3,5,38,0,3,15,13,,,,,,,,,,,Eastbound:Other:0,Northbound:Other:0,Southbound:Other:1,Westbound:Other:0
redwood/Draft EIR - Appendix C.txt,Roosevelt / McGarvey,Class 1,5/24/2012,16:45-17:00,13,57,3,4,12,0,1,39,3,2,13,11,,,,,,,,,,,Eastbound:Other:0,Northbound:Other:0,Southbound:Other:0,Westbound:Other:0
redwood/Draft EIR - Appendix C.txt,Roosevelt / McGarvey,Class 1,5/24/2012,17:00-17:15,25,47,0,2,11,0,1,44,1,1,13,14,,,,,,,,,,,Eastbound:Other:0,Northbound:Other:0,Southbound:Other:0,Westbound:Other:0
redwood/Draft EIR - Appendix C.txt,Roosevelt / McGarvey,Class 1,5/24/2012,17:15-17:30,19,41,7,3,20,4,3,37,3,1,14,17,,,,,,,,,,,Eastbound:Other:0,Northbound:Other:0,Southbound:Other:0,Westbound:Other:0
redwood/Draft EIR - Appendix C.txt,Roosevelt / McGarvey,Class 1,5/24/2012,17:30-17:45,26,44,4,3,27,4,2,38,2,0,11,16,,,,,,,,,,,Eastbound:Other:0,Northbound:Other:0,Southbound:Other:0,Westbound:Other:0
redwood/Draft EIR - Appendix C.txt,Roosevelt / McGarvey,Class 1,5/24/2012,17:45-18:00,16,45,2,0,22,1,4,39,1,0,13,14,,,,,,,,,,,Eastbound:Other:0,Northbound:Other:0,Southbound:Other:0,Westbound:Other:0
redwood/Draft EIR - Appendix C.txt,Connecticut / Roosevelt,Unshifted,5/31/2012,07:00-07:15,0,1,0,0,17,4,6,1,0,2,11,0,0,0,0,0,,,,,,
redwood/Draft EIR - Appendix C.txt,Connecticut / Roosevelt,Unshifted,5/31/2012,07:15-07:30,1,1,0,0,33,3,7,4,2,1,17,0,0,0,0,0,,,,,,
redwood/Draft EIR - Appendix C.txt,Connecticut / Roosevelt,Unshifted,5/31/2012,07:30-07:45,1,1,1,0,57,7,12,4,8,3,20,2,0,0,0,0,,,,,,
redwood/Draft EIR - Appendix C.txt,Connecticut / Roosevelt,Unshifted,5/31/2012,07:45-08:00,3,4,4,1,64,21,23,6,10,15,32,2,0,0,0,0,,,,,,
redwood/Draft EIR - Appendix C.txt,Connecticut / Roosevelt,Unshifted,5/31/2012,08:00-08:15,1,9,25,1,73,35,25,5,6,6,52,5,0,0,0,0,,,,,,
redwood/Draft EIR - Appendix C.txt,Connecticut / Roosevelt,Unshifted,5/31/2012,08:15-08:30,1,5,11,0,41,35,16,4,6,4,57,3,0,0,0,0,,,,,,
redwood/Draft EIR - Appendix C.txt,Connecticut / Roosevelt,Unshifted,5/31/2012,08:30-08:45,1,3,5,1,41,4,7,3,3,1,29,1,0,0,0,0,,,,,,
redwood/Draft EIR - Appendix C.txt,Connecticut / Roosevelt,Unshifted,5/31/2012,08:45-09:00,1,2,4,4,27,2,3,4,3,1,21,1,0,0,0,0,,,,,,
redwood/Draft EIR - Appendix C.txt,CONNECTICUT / ROOSEVELT,Unshifted,5/31/2012,14:00-14:15,0,4,3,0,34,13,25,2,3,3,32,2,0,0,0,0,,,,,,
redwood/Draft EIR - Appendix C.txt,CONNECTICUT / ROOSEVELT,Unshifted,5/31/2012,14:15-14:30,2,1,2,1,23,8,10,3,3,3,28,0,0,0,0,0,,,,,,
redwood/Draft EIR - Appendix C.txt,CONNECTICUT / ROOSEVELT,Unshifted,5/31/2012,14:30-14:45,1,4,2,0,31,3,7,2,2,4,12,0,0,0,0,0,,,,,,
redwood/Draft EIR - Appendix C.txt,CONNECTICUT / ROOSEVELT,Unshifted,5/31/2012,14:45-15:00,0,1,1,0,17,11,9,2,2,5,20,0,0,0,0,0,,,,,,
redwood/Draft EIR - Appendix C.txt,CONNECTICUT / ROOSEVELT,Unshifted,5/31/2012,15:00-15:15,2,4,0,1,34,8,5,4,3,3,36,1,0,0,0,0,,,,,,
redwood/Draft EIR - Appendix C.txt,CONNECTICUT / ROOSEVELT,Unshifted,5/31/2012,15:15-15:30,0,4,2,0,30,7,8,4,2,1,31,0,0,0,0,0,,,,,,
redwood/Draft EIR - Appendix C.txt,CONNECTICUT / ROOSEVELT,Unshifted,5/31/2012,15:30-15:45,2,2,3,1,18,11,11,6,1,2,27,2,0,0,0,0,,,,,,
redwood/Draft EIR - Appendix C.txt,CONNECTICUT / ROOSEVELT,Unshifted,5/31/2012,15:45-16:00,0,7,5,2,19,7,9,3,6,2,22,0,0,0,0,0,,,,,,
redwood/Draft EIR - Appendix C.txt,Connecticut / Roosevelt,Unshifted,5/31/2012,16:00-16:15,1,4,17,1,26,5,8,8,4,3,25,3,0,0,0,0,,,,,,
redwood/Draft EIR - Appendix C.txt,Connecticut / Roosevelt,Unshifted,5/31/2012,16:15-16:30,0,1,8,3,28,9,7,2,4,1,26,0,0,0,0,0,,,,,,
redwood/Draft EIR - Appendix C.txt,Connecticut / Roosevelt,Unshifted,5/31/2012,16:30-16:45,1,1,1,3,33,10,5,1,0,1,36,2,0,0,0,0,,,,,,
redwood/Draft EIR - Appendix C.txt,Connecticut / Roosevelt,Unshifted,5/31/2012,16:45-17:00,1,3,2,0,31,11,9,4,3,4,41,1,0,0,0,0,,,,,,
redwood/Draft EIR - Appendix C.txt,Connecticut / Roosevelt,Unshifted,5/31/2012,17:00-17:15,0,7,3,0,25,8,9,3,3,1,32,0,0,0,0,0,,,,,,
redwood/Draft EIR - Appendix C.txt,Connecticut / Roosevelt,Unshifted,5/31/2012,17:15-17:30,0,0,0,1,28,13,17,7,2,2,43,0,0,0,0,0,,,,,,
redwood/Draft EIR - Appendix C.txt,Connecticut / Roosevelt,Unshifted,5/31/2012,17:30-17:45,0,2,0,2,42,13,8,2,9,2,48,0,0,0,0,0,,,,,,
redwood/Draft EIR - Appendix C.txt,Connecticut / Roosevelt,Unshifted,5/31/2012,17:45-18:00,0,4,0,1,33,18,14,2,1,3,38,2,0,0,0,0,,,,,,
redwood/Draft EIR - Appendix C.txt,ALAMEDA DE LAS PULGA / MCGARVEY AVE,Unshifted,5/23/2012,07:00-07:15,2,25,1,0,20,0,1,17,1,0,8,1,0,0,0,0,,,,,,
redwood/Draft EIR - Appendix C.txt,ALAMEDA DE LAS PULGA / MCGARVEY AVE,Unshifted,5/23/2012,07:15-07:30,5,51,0,1,29,4,0,22,4,2,15,4,0,0,0,0,,,,,,
redwood/Draft EIR - Appendix C.txt,ALAMEDA DE LAS PULGA / MCGARVEY AVE,Unshifted,5/23/2012,07:30-07:45,9,72,2,4,36,6,0,66,4,4,28,6,0,0,0,0,,,,,,
redwood/Draft EIR - Appendix C.txt,ALAMEDA DE LAS PULGA / MCGARVEY AVE,Unshifted,5/23/2012,07:45-08:00,14,89,5,10,41,1,1,110,10,5,33,5,0,0,0,0,,,,,,
redwood/Draft EIR - Appendix C.txt,ALAMEDA DE LAS PULGA / MCGARVEY AVE,Unshifted,5/23/2012,08:00-08:15,13,98,7,15,49,6,2,113,9,8,28,16,0,0,0,0,,,,,,
redwood/Draft EIR - Appendix C.txt,ALAMEDA DE LAS PULGA / MCGARVEY AVE,Unshifted,5/23/2012,08:15-08:30,5,89,2,4,29,6,4,85,4,6,29,13,0,0,0,0,,,,,,
redwood/Draft EIR - Appendix C.txt,ALAMEDA DE LAS PULGA / MCGARVEY AVE,Unshifted,5/23/2012,08:30-08:45,2,78,9,6,30,1,2,57,1,7,14,1,0,0,0,0,,,,,,
redwood/Draft EIR - Appendix C.txt,ALAMEDA DE LAS PULGA / MCGARVEY AVE,Unshifted,5/23/2012,08:45-09:00,4,70,3,6,24,0,1,49,3,0,21,3,0,0,0,0,,,,,,
redwood/Draft EIR - Appendix C.txt,ALAMEDA DE LAS PULGA / MCGARVEY AVE,Unshifted,5/31/2012,14:00-14:15,2,45,2,4,24,0,2,62,5,4,14,3,1,0,0,0,,,,,,
redwood/Draft EIR - Appendix C.txt,ALAMEDA DE LAS PULGA / MCGARVEY AVE,Unshifted,5/31/2012,14:15-14:30,3,50,2,7,22,1,2,43,3,2,15,5,0,0,0,0,,,,,,
redwood/Draft EIR - Appendix C.txt,ALAMEDA DE LAS PULGA / MCGARVEY AVE,Unshifted,5/31/2012,14:30-14:45,4,50,3,2,23,1,1,47,6,4,16,3,0,0,0,0,,,,,,
redwood/Draft EIR - Appendix C.txt,ALAMEDA DE LAS PULGA / MCGARVEY AVE,Unshifted,5/31/2012,14:45-15:00,3,58,2,3,25,1,1,62,7,3,21,1,0,0,0,0,,,,,,
redwood/Draft EIR - Appendix C.txt,ALAMEDA DE LAS PULGA / MCGARVEY AVE,Unshifted,5/31/2012,15:00-15:15,2,68,4,4,24,1,1,58,11,4,19,1,0,0,0,0,,,,,,
redwood/Draft EIR - Appendix C.txt,ALAMEDA DE LAS PULGA / MCGARVEY AVE,Unshifted,5/31/2012,15:15-15:30,5,57,3,6,26,4,2,66,5,7,23,2,0,0,0,0,,,,,,
redwood/Draft EIR - Appendix C.txt,ALAMEDA DE LAS PULGA / MCGARVEY AVE,Unshifted,5/31/2012,15:30-15:45,2,50,6,7,22,0,2,83,4,4,17,6,0,0,0,0,,,,,,
redwood/Draft EIR - Appendix C.txt,ALAMEDA DE LAS PULGA / MCGARVEY AVE,Unshifted,5/31/2012,15:45-16:00,6,71,6,13,30,2,2,54,7,7,34,2,0,0,0,0,,,,,,
redwood/Draft EIR - Appendix C.txt,Alameda de las Pulgas / McGarvey,Unshifted,5/31/2012,16:00-16:15,0,73,2,8,36,3,5,87,7,12,24,4,0,0,0,0,,,,,,
redwood/Draft EIR - Appendix C.txt,Alameda de las Pulgas / McGarvey,Unshifted,5/31/2012,16:15-16:30,1,53,4,5,26,1,1,62,9,5,29,5,0,0,0,0,,,,,,
redwood/Draft EIR - Appendix C.txt,Alameda de las Pulgas / McGarvey,Unshifted,5/31/2012,16:30-16:45,7,77,3,4,29,3,2,70,6,8,43,6,0,0,0,0,,,,,,
redwood/Draft EIR - Appendix C.txt,Alameda de las Pulgas / McGarvey,Unshifted,5/31/2012,16:45-17:00,4,67,5,8,24,2,6,74,4,7,27,6,0,0,0,0,,,,,,
redwood/Draft EIR - Appendix C.txt,Alameda de las Pulgas / McGarvey,Unshifted,5/31/2012,17:00-17:15,2,73,9,11,50,4,1,83,7,7,22,11,0,0,0,0,,,,,,
redwood/Draft EIR - Appendix C.txt,Alameda de las Pulgas / McGarvey,Unshifted,5/31/2012,17:15-17:30,5,69,3,8,33,1,1,70,6,2,31,6,0,0,0,0,,,,,,
redwood/Draft EIR - Appendix C.txt,Alameda de las Pulgas / McGarvey,Unshifted,5/31/2012,17:30-17:45,5,80,1,4,41,2,0,103,6,5,32,2,0,0,0,0,,,,,,
redwood/Draft EIR - Appendix C.txt,Alameda de las Pulgas / McGarvey,Unshifted,5/31/2012,17:45-18:00,2,75,6,5,16,2,1,44,5,2,24,3,0,0,0,0,,,,,,
redwood/EdisonSportsComplex05.FinalTrafficReport_v6.txt,2nd AVE. / BAY RD.,Unshifted,4/6/2011,16:00-16:15,4,20,11,2,69,10,19,16,5,9,69,8,,,,,,,,,,
redwood/EdisonSportsComplex05.FinalTrafficReport_v6.txt,2nd AVE. / BAY RD.,Unshifted,4/6/2011,16:15-16:30,4,24,5,5,53,8,18,21,2,10,59,5,,,,,,,,,,
redwood/EdisonSportsComplex05.FinalTrafficReport_v6.txt,2nd AVE. / BAY RD.,Unshifted,4/6/2011,16:30-16:45,4,19,10,5,62,9,12,18,8,11,83,14,,,,,,,,,,
redwood/EdisonSportsComplex05.FinalTrafficReport_v6.txt,2nd AVE. / BAY RD.,Unshifted,4/6/2011,16:45-17:00,5,19,13,5,66,15,11,13,5,6,72,7,,,,,,,,,,
redwood/EdisonSportsComplex05.FinalTrafficReport_v6.txt,2nd AVE. / BAY RD.,Unshifted,4/6/2011,17:00-17:15,7,18,6,5,63,7,18,19,6,15,104,7,,,,,,,,,,
redwood/EdisonSportsComplex05.FinalTrafficReport_v6.txt,2nd AVE. / BAY RD.,Unshifted,4/6/2011,17:15-17:30,8,26,14,6,47,9,14,12,5,5,87,6,,,,,,,,,,
redwood/EdisonSportsComplex05.FinalTrafficReport_v6.txt,2nd AVE. / BAY RD.,Unshifted,4/6/2011,17:30-17:45,8,27,12,7,76,7,12,15,7,12,103,10,,,,,,,,,,
redwood/EdisonSportsComplex05.FinalTrafficReport_v6.txt,2nd AVE. / BAY RD.,Unshifted,4/6/2011,17:45-18:00,6,13,15,2,62,10,18,14,4,11,87,9,,,,,,,,,,
redwood/EdisonSportsComplex05.FinalTrafficReport_v6.txt,2nd AVE. / BAY RD.,Unshifted,4/6/2011,16:00-16:15,11,36,3,3,50,33,44,35,21,18,71,1,,,,,,,,,,
redwood/EdisonSportsComplex05.FinalTrafficReport_v6.txt,2nd AVE. / BAY RD.,Unshifted,4/6/2011,16:15-16:30,7,36,6,7,46,17,37,30,18,13,52,6,,,,,,,,,,
redwood/EdisonSportsComplex05.FinalTrafficReport_v6.txt,2nd AVE. / BAY RD.,Unshifted,4/6/2011,16:30-16:45,9,37,15,1,44,26,44,27,13,18,77,5,,,,,,,,,,
redwood/EdisonSportsComplex05.FinalTrafficReport_v6.txt,2nd AVE. / BAY RD.,Unshifted,4/6/2011,16:45-17:00,4,34,11,4,57,11,36,31,33,25,53,9,,,,,,,,,,
redwood/EdisonSportsComplex05.FinalTrafficReport_v6.txt,2nd AVE. / BAY RD.,Unshifted,4/6/2011,17:00-17:15,4,45,10,6,71,27,44,39,20,11,88,10,,,,,,,,,,
redwood/EdisonSportsComplex05.FinalTrafficReport_v6.txt,2nd AVE. / BAY RD.,Unshifted,4/6/2011,17:15-17:30,3,41,16,7,52,37,37,33,14,22,78,9,,,,,,,,,,
redwood/EdisonSportsComplex05.FinalTrafficReport_v6.txt,2nd AVE. / BAY RD.,Unshifted,4/6/2011,17:30-17:45,7,42,11,6,64,44,38,48,20,24,81,14,,,,,,,,,,
redwood/EdisonSportsComplex05.FinalTrafficReport_v6.txt,2nd AVE. / BAY RD.,Unshifted,4/6/2011,17:45-18:00,3,39,12,5,61,27,26,31,17,21,82,13,,,,,,,,,,
redwood/EdisonSportsComplex05.FinalTrafficReport_v6.txt,2nd AVE. / EDISON WAY,Unshifted,4/6/2011,16:00-16:15,6,18,10,5,4,4,1,16,0,4,3,9,,,,,,,,,,
redwood/EdisonSportsComplex05.FinalTrafficReport_v6.txt,2nd AVE. / EDISON WAY,Unshifted,4/6/2011,16:15-16:30,7,17,8,7,5,2,3,23,5,1,7,8,,,,,,,,,,
redwood/EdisonSportsComplex05.FinalTrafficReport_v6.txt,2nd AVE. / EDISON WAY,Unshifted,4/6/2011,16:30-16:45,9,17,7,5,3,2,2,24,1,2,7,6,,,,,,,,,,
redwood/EdisonSportsComplex05.FinalTrafficReport_v6.txt,2nd AVE. / EDISON WAY,Unshifted,4/6/2011,16:45-17:00,11,19,11,9,6,3,1,22,0,4,9,8,,,,,,,,,,
redwood/EdisonSportsComplex05.FinalTrafficReport_v6.txt,2nd AVE. / EDISON WAY,Unshifted,4/6/2011,17:00-17:15,9,28,13,5,9,4,3,26,1,1,8,5,,,,,,,,,,
redwood/EdisonSportsComplex05.FinalTrafficReport_v6.txt,2nd AVE. / EDISON WAY,Unshifted,4/6/2011,17:15-17:30,9,33,4,2,3,1,4,16,0,0,5,10,,,,,,,,,,
redwood/EdisonSportsComplex05.FinalTrafficReport_v6.txt,2nd AVE. / EDISON WAY,Unshifted,4/6/2011,17:30-17:45,3,30,7,3,3,3,1,16,1,3,4,11,,,,,,,,,,
redwood/EdisonSportsComplex05.FinalTrafficReport_v6.txt,2nd AVE. / EDISON WAY,Unshifted,4/6/2011,17:45-18:00,4,33,7,9,10,5,2,15,1,0,4,6,,,,,,,,,,
redwood/EdisonSportsComplex05.FinalTrafficReport_v6.txt,5th AVE. / EDISON WAY,Unshifted,4/6/2011,16:00-16:15,11,68,12,24,6,24,2,92,4,0,6,26,,,,,,,,,,
redwood/EdisonSportsComplex05.FinalTrafficReport_v6.txt,5th AVE. / EDISON WAY,Unshifted,4/6/2011,16:15-16:30,13,95,10,12,1,7,3,72,3,7,5,22,,,,,,,,,,
redwood/EdisonSportsComplex05.FinalTrafficReport_v6.txt,5th AVE. / EDISON WAY,Unshifted,4/6/2011,16:30-16:45,11,84,14,28,2,5,5,74,4,4,6,20,,,,,,,,,,
redwood/EdisonSportsComplex05.FinalTrafficReport_v6.txt,5th AVE. / EDISON WAY,Unshifted,4/6/2011,16:45-17:00,12,95,13,12,5,6,2,59,0,6,3,13,,,,,,,,,,
redwood/EdisonSportsComplex05.FinalTrafficReport_v6.txt,5th AVE. / EDISON WAY,Unshifted,4/6/2011,17:00-17:15,11,70,12,24,8,22,2,90,4,1,5,27,,,,,,,,,,
redwood/EdisonSportsComplex05.FinalTrafficReport_v6.txt,5th AVE. / EDISON WAY,Unshifted,4/6/2011,17:15-17:30,11,100,10,12,1,7,2,73,3,7,5,22,,,,,,,,,,
redwood/EdisonSportsComplex05.FinalTrafficReport_v6.txt,5th AVE. / EDISON WAY,Unshifted,4/6/2011,17:30-17:45,12,81,13,26,2,5,5,73,4,4,6,20,,,,,,,,,,
redwood/EdisonSportsComplex05.FinalTrafficReport_v6.txt,5th AVE. / EDISON WAY,Unshifted,4/6/2011,17:45-18:00,13,98,13,12,5,5,2,60,0,6,4,14,,,,,,,,,,
redwood/EdisonSportsComplex05.FinalTrafficReport_v6.txt,2nd AVE. / MIDDLEFIELD RD.,Unshifted,4/6/2011,16:00-16:15,14,1,4,3,150,7,3,0,2,1,135,15,,,,,,,,,,
redwood/EdisonSportsComplex05.FinalTrafficReport_v6.txt,2nd AVE. / MIDDLEFIELD RD.,Unshifted,4/6/2011,16:15-16:30,14,0,9,9,133,1,2,2,2,4,171,16,,,,,,,,,,
redwood/EdisonSportsComplex05.FinalTrafficReport_v6.txt,2nd AVE. / MIDDLEFIELD RD.,Unshifted,4/6/2011,16:30-16:45,11,1,9,9,131,7,9,0,0,5,186,15,,,,,,,,,,
redwood/EdisonSportsComplex05.FinalTrafficReport_v6.txt,2nd AVE. / MIDDLEFIELD RD.,Unshifted,4/6/2011,16:45-17:00,15,2,11,8,148,5,0,3,2,7,171,13,,,,,,,,,,
redwood/EdisonSportsComplex05.FinalTrafficReport_v6.txt,2nd AVE. / MIDDLEFIELD RD.,Unshifted,4/6/2011,17:00-17:15,15,2,13,13,134,1,5,1,3,8,175,16,,,,,,,,,,
redwood/EdisonSportsComplex05.FinalTrafficReport_v6.txt,2nd AVE. / MIDDLEFIELD RD.,Unshifted,4/6/2011,17:15-17:30,8,3,12,6,123,4,5,2,1,9,183,8,,,,,,,,,,
redwood/EdisonSportsComplex05.FinalTrafficReport_v6.txt,2nd AVE. / MIDDLEFIELD RD.,Unshifted,4/6/2011,17:30-17:45,20,3,13,12,156,5,9,0,2,4,178,9,,,,,,,,,,
redwood/EdisonSportsComplex05.FinalTrafficReport_v6.txt,2nd AVE. / MIDDLEFIELD RD.,Unshifted,4/6/2011,17:45-18:00,16,1,9,11,114,6,9,0,5,7,183,6,,,,,,,,,,
redwood/EdisonSportsComplex05.FinalTrafficReport_v6.txt,5th AVE. / MIDDLEFIELD RD.,Unshifted,4/6/2011,16:00-16:15,20,66,15,14,89,3,4,65,54,60,83,12,,,,,,,,,,
redwood/EdisonSportsComplex05.FinalTrafficReport_v6.txt,5th AVE. / MIDDLEFIELD RD.,Unshifted,4/6/2011,16:15-16:30,14,64,13,10,87,2,6,60,63,81,84,7,,,,,,,,,,
redwood/EdisonSportsComplex05.FinalTrafficReport_v6.txt,5th AVE. / MIDDLEFIELD RD.,Unshifted,4/6/2011,16:30-16:45,15,63,13,10,74,4,3,48,65,82,106,6,,,,,,,,,,
redwood/EdisonSportsComplex05.FinalTrafficReport_v6.txt,5th AVE. / MIDDLEFIELD RD.,Unshifted,4/6/2011,16:45-17:00,12,62,11,16,95,2,5,49,69,64,86,10,,,,,,,,,,
redwood/EdisonSportsComplex05.FinalTrafficReport_v6.txt,5th AVE. / MIDDLEFIELD RD.,Unshifted,4/6/2011,17:00-17:15,20,56,14,22,89,3,3,63,49,79,92,12,,,,,,,,,,
redwood/EdisonSportsComplex05.FinalTrafficReport_v6.txt,5th AVE. / MIDDLEFIELD RD.,Unshifted,4/6/2011,17:15-17:30,13,94,10,16,68,4,10,57,59,72,73,15,,,,,,,,,,
redwood/EdisonSportsComplex05.FinalTrafficReport_v6.txt,5th AVE. / MIDDLEFIELD RD.,Unshifted,4/6/2011,17:30-17:45,15,80,12,11,109,3,8,59,49,89,104,7,,,,,,,,,,
redwood/EdisonSportsComplex05.FinalTrafficReport_v6.txt,5th AVE. / MIDDLEFIELD RD.,Unshifted,4/6/2011,17:45-18:00,21,72,17,10,93,4,8,54,43,80,113,11,,,,,,,,,,
redwood/EdisonSportsComplex05.FinalTrafficReport_v6.txt,5th AVENUE / SPRING STREET,Unshifted,7/6/2011,16:00-16:15,7,49,0,4,16,8,15,51,11,11,14,14,,,,,,,,,,
redwood/EdisonSportsComplex05.FinalTrafficReport_v6.txt,5th AVENUE / SPRING STREET,Unshifted,7/6/2011,16:15-16:30,8,59,1,3,12,19,10,67,8,8,28,23,,,,,,,,,,
redwood/EdisonSportsComplex05.FinalTrafficReport_v6.txt,5th AVENUE / SPRING STREET,Unshifted,7/6/2011,16:30-16:45,16,74,6,4,8,20,27,80,14,11,32,17,,,,,,,,,,
redwood/EdisonSportsComplex05.FinalTrafficReport_v6.txt,5th AVENUE / SPRING STREET,Unshifted,7/6/2011,16:45-17:00,10,81,4,2,21,16,13,70,9,13,18,10,,,,,,,,,,
redwood/EdisonSportsComplex05.FinalTrafficReport_v6.txt,5th AVENUE / SPRING STREET,Unshifted,7/6/2011,17:00-17:15,12,80,6,3,9,12,21,95,17,7,16,16,,,,,,,,,,
redwood/EdisonSportsComplex05.FinalTrafficReport_v6.txt,5th AVENUE / SPRING STREET,Unshifted,7/6/2011,17:15-17:30,8,75,5,4,10,22,30,93,10,6,32,16,,,,,,,,,,
redwood/EdisonSportsComplex05.FinalTrafficReport_v6.txt,5th AVENUE / SPRING STREET,Unshifted,7/6/2011,17:30-17:45,18,72,6,3,13,18,20,102,8,10,31,14,,,,,,,,,,
redwood/EdisonSportsComplex05.FinalTrafficReport_v6.txt,5th AVENUE / SPRING STREET,Unshifted,7/6/2011,17:45-18:00,8,57,8,3,16,20,20,81,10,13,16,14,,,,,,,,,,
redwood/EdisonSportsComplex05.FinalTrafficReport_v6.txt,DRIVEWAY / EDISON WAY / FAIR OAKS AVENUE,Unshifted,7/6/2011,16:00-16:15,2,0,0,0,4,1,0,0,9,18,1,0,,,,,,,,,,
redwood/EdisonSportsComplex05.FinalTrafficReport_v6.txt,DRIVEWAY / EDISON WAY / FAIR OAKS AVENUE,Unshifted,7/6/2011,16:15-16:30,0,1,0,0,4,0,0,1,11,11,1,0,,,,,,,,,,
redwood/EdisonSportsComplex05.FinalTrafficReport_v6.txt,DRIVEWAY / EDISON WAY / FAIR OAKS AVENUE,Unshifted,7/6/2011,16:30-16:45,1,0,0,0,4,0,0,0,17,9,7,0,,,,,,,,,,
redwood/EdisonSportsComplex05.FinalTrafficReport_v6.txt,DRIVEWAY / EDISON WAY / FAIR OAKS AVENUE,Unshifted,7/6/2011,16:45-17:00,1,1,0,0,12,2,0,0,35,13,4,0,,,,,,,,,,
redwood/EdisonSportsComplex05.FinalTrafficReport_v6.txt,DRIVEWAY / EDISON WAY / FAIR OAKS AVENUE,Unshifted,7/6/2011,17:00-17:15,1,0,0,0,5,1,1,0,45,11,0,1,,,,,,,,,,
redwood/EdisonSportsComplex05.FinalTrafficReport_v6.txt,DRIVEWAY / EDISON WAY / FAIR OAKS AVENUE,Unshifted,7/6/2011,17:15-17:30,2,1,0,0,5,0,1,0,77,21,1,1,,,,,,,,,,
redwood/EdisonSportsComplex05.FinalTrafficReport_v6.txt,DRIVEWAY / EDISON WAY / FAIR OAKS AVENUE,Unshifted,7/6/2011,17:30-17:45,1,1,0,0,4,0,1,1,57,11,7,0,,,,,,,,,,
redwood/EdisonSportsComplex05.FinalTrafficReport_v6.txt,DRIVEWAY / EDISON WAY / FAIR OAKS AVENUE,Unshifted,7/6/2011,17:45-18:00,0,0,0,0,3,0,0,0,51,20,2,1,,,,,,,,,,
redwood/EdisonSportsComplex05.FinalTrafficReport_v6.txt,MARSH ROAD / FAIR OAKS AVENUE,Unshifted,7/6/2011,16:00-16:15,14,165,0,0,0,0,0,208,7,5,0,13,,,,,,,,,,
redwood/EdisonSportsComplex05.FinalTrafficReport_v6.txt,MARSH ROAD / FAIR OAKS AVENUE,Unshifted,7/6/2011,16:15-16:30,13,186,0,0,0,0,0,220,2,8,0,13,,,,,,,,,,
redwood/EdisonSportsComplex05.FinalTrafficReport_v6.txt,MARSH ROAD / FAIR OAKS AVENUE,Unshifted,7/6/2011,16:30-16:45,23,175,0,0,0,0,0,219,6,8,0,10,,,,,,,,,,
redwood/EdisonSportsComplex05.FinalTrafficReport_v6.txt,MARSH ROAD / FAIR OAKS AVENUE,Unshifted,7/6/2011,16:45-17:00,29,212,0,0,0,0,0,200,12,8,0,13,,,,,,,,,,
redwood/EdisonSportsComplex05.FinalTrafficReport_v6.txt,MARSH ROAD / FAIR OAKS AVENUE,Unshifted,7/6/2011,17:00-17:15,37,229,0,0,0,0,0,149,39,9,0,8,,,,,,,,,,
redwood/EdisonSportsComplex05.FinalTrafficReport_v6.txt,MARSH ROAD / FAIR OAKS AVENUE,Unshifted,7/6/2011,17:15-17:30,88,234,0,0,0,0,0,159,18,6,0,4,,,,,,,,,,
redwood/EdisonSportsComplex05.FinalTrafficReport_v6.txt,MARSH ROAD / FAIR OAKS AVENUE,Unshifted,7/6/2011,17:30-17:45,51,230,0,0,0,0,0,160,19,7,0,2,,,,,,,,,,
redwood/EdisonSportsComplex05.FinalTrafficReport_v6.txt,MARSH ROAD / FAIR OAKS AVENUE,Unshifted,7/6/2011,17:45-18:00,37,196,0,0,0,0,0,175,25,7,0,2,,,,,,,,,,
redwood/transp.txt,EL CAMINO / FINGER,Unshifted,1/7/2011,07:00-07:15,2,117,0,0,0,0,0,106,3,3,0,0,,,,,,,,,,
redwood/transp.txt,EL CAMINO / FINGER,Unshifted,1/7/2011,07:15-07:30,2,215,1,0,0,1,0,145,2,6,0,1,,,,,,,,,,
redwood/transp.txt,EL CAMINO / FINGER,Unshifted,1/7/2011,07:30-07:45,2,225,0,0,0,0,0,199,7,6,0,0,,,,,,,,,,
redwood/transp.txt,EL CAMINO / FINGER,Unshifted,1/7/2011,07:45-08:00,2,260,0,0,0,0,0,242,11,6,0,0,,,,,,,,,,
redwood/transp.txt,EL CAMINO / FINGER,Unshifted,1/7/2011,08:00-08:15,3,262,0,0,0,0,0,258,23,9,0,2,,,,,,,,,,
redwood/transp.txt,EL CAMINO / FINGER,Unshifted,1/7/2011,08:15-08:30,0,268,0,0,0,0,0,244,7,14,0,2,,,,,,,,,,
redwood/transp.txt,EL CAMINO / FINGER,Unshifted,1/7/2011,08:30-08:45,4,297,0,0,0,0,1,210,3,1,0,0,,,,,,,,,,
redwood/transp.txt,EL CAMINO / FINGER,Unshifted,1/7/2011,08:45-09:00,2,220,0,0,0,0,0,205,6,8,0,1,,,,,,,,,,
redwood/transp.txt,EL CAMINO / FINGER,Unshifted,1/5/2011,16:00-16:15,5,300,0,0,0,0,0,325,8,4,0,3,,,,,,,,,,
redwood/transp.txt,EL CAMINO / FINGER,Unshifted,1/5/2011,16:15-16:30,9,293,0,1,0,0,0,324,9,5,0,3,,,,,,,,,,
redwood/transp.txt,EL CAMINO / FINGER,Unshifted,1/5/2011,16:30-16:45,3,309,0,0,0,0,1,330,13,4,0,0,,,,,,,,,,
redwood/transp.txt,EL CAMINO / FINGER,Unshifted,1/5/2011,16:45-17:00,4,278,0,1,0,0,0,350,12,3,0,3,,,,,,,,,,
redwood/transp.txt,EL CAMINO / FINGER,Unshifted,1/5/2011,17:00-17:15,4,355,1,0,0,0,1,335,11,2,0,2,,,,,,,,,,
redwood/transp.txt,EL CAMINO / FINGER,Unshifted,1/5/2011,17:15-17:30,2,333,0,0,0,0,0,351,15,2,0,2,,,,,,,,,,
redwood/transp.txt,EL CAMINO / FINGER,Unshifted,1/5/2011,17:30-17:45,2,336,0,0,0,0,0,347,15,2,0,2,,,,,,,,,,
redwood/transp.txt,EL CAMINO / FINGER,Unshifted,1/5/2011,17:45-18:00,7,330,0,1,0,0,1,323,26,4,0,5,,,,,,,,,,
